candidate_id,session_date,calendar_dte,target_credit,category,observed_fresh_seconds,expected_regular_seconds,coverage_fraction,first_target_ns,max_before_observed_target,reason
939,2023-03-28,2,5.0,censored/insufficient coverage,59.69140487199998,70200,0.0008503049127065524,1680096616416816827,3.0,missing entry or incomplete path
940,2023-03-28,2,6.0,censored/insufficient coverage,63.96165667799997,70200,0.0009111347105128201,1680096617361783499,3.700000000000003,missing entry or incomplete path
941,2023-03-28,2,7.0,censored/insufficient coverage,81.09760620499995,70200,0.0011552365556267799,1680183017620392605,8.299999999999997,missing entry or incomplete path
942,2023-03-28,3,5.0,censored/insufficient coverage,109.69467408899999,93600,0.00117195164625,1680096623376182918,5.200000000000003,missing entry or incomplete path
943,2023-03-28,3,6.0,censored/insufficient coverage,112.98160883399997,93600,0.0012070684704487177,1680096658525751595,7.050000000000004,missing entry or incomplete path
944,2023-03-28,3,7.0,censored/insufficient coverage,102.06452887999998,93600,0.0010904330008547007,1680183015330004969,7.849999999999994,missing entry or incomplete path
945,2023-03-29,2,5.0,censored/insufficient coverage,78.951852456,70200,0.001124670262905983,1680183015329985443,2.4000000000000004,missing entry or incomplete path
946,2023-03-29,2,6.0,censored/insufficient coverage,82.75133174399996,70200,0.0011787938994871788,1680183015419603635,2.6000000000000014,missing entry or incomplete path
947,2023-03-29,2,7.0,censored/insufficient coverage,6489.046174504059,70200,0.09243655519236552,1680183045474556554,6.550000000000004,missing entry or incomplete path
948,2023-03-31,3,5.0,censored/insufficient coverage,38.30858456900006,46800,0.0008185594993376081,1680528616212293982,2.6000000000000005,missing entry or incomplete path
949,2023-03-31,3,6.0,censored/insufficient coverage,10717.938466793974,46800,0.22901577920499944,1680528617179386984,9.8,missing entry or incomplete path
950,2023-03-31,3,7.0,censored/insufficient coverage,35.742683732,46800,0.0007637325583760684,1680528616261902973,9.600000000000001,missing entry or incomplete path
951,2023-04-03,2,5.0,censored/insufficient coverage,74.42993764599997,70200,0.0010602555220227917,1680615022708178966,4.600000000000005,missing entry or incomplete path
952,2023-04-03,2,6.0,censored/insufficient coverage,69.24316169599996,70200,0.0009863698247293442,,10.0,missing entry or incomplete path
953,2023-04-03,2,7.0,censored/insufficient coverage,59.69181824299998,70200,0.0008503108011823359,,10.0,missing entry or incomplete path
954,2023-04-03,3,5.0,censored/insufficient coverage,105.02050246299999,93600,0.0011220139152029913,1680615018373639616,4.299999999999997,missing entry or incomplete path
955,2023-04-03,3,6.0,censored/insufficient coverage,86.25750536999992,93600,0.0009215545445512812,,10.0,missing entry or incomplete path
956,2023-04-03,3,7.0,censored/insufficient coverage,75.89286630100011,93600,0.0008108212211645311,,10.0,missing entry or incomplete path
978,2023-04-17,2,5.0,censored/insufficient coverage,85.10532546800002,70200,0.001212326573618234,1681824616679596241,2.3499999999999996,missing entry or incomplete path
979,2023-04-17,2,6.0,censored/insufficient coverage,72.85555154499995,70200,0.001037828369586894,1681824622397134056,3.200000000000003,missing entry or incomplete path
980,2023-04-17,2,7.0,censored/insufficient coverage,66.82654804100001,70200,0.0009519451287891739,,10.0,missing entry or incomplete path
981,2023-04-17,3,5.0,censored/insufficient coverage,110.41153638800014,93600,0.001179610431495728,1681824616699882869,2.8500000000000014,missing entry or incomplete path
982,2023-04-17,3,6.0,censored/insufficient coverage,107.07436266099988,93600,0.0011439568660363236,1681824652100074720,5.950000000000003,missing entry or incomplete path
983,2023-04-17,3,7.0,censored/insufficient coverage,84.42541550399996,93600,0.0009019809348717944,,10.0,missing entry or incomplete path
1005,2023-04-28,3,5.0,censored/insufficient coverage,13907.160432262925,46800,0.29716154769792574,1682947816175156280,2.6999999999999993,missing entry or incomplete path
1006,2023-04-28,3,6.0,censored/insufficient coverage,14709.190647766141,46800,0.31429894546508846,1682947913597001379,6.599999999999998,missing entry or incomplete path
1007,2023-04-28,3,7.0,censored/insufficient coverage,37.319322271000004,46800,0.0007974214160470087,,7.049999999999997,missing entry or incomplete path
1008,2023-05-01,2,5.0,censored/insufficient coverage,71.75575835500003,70200,0.0010221617999287753,,8.549999999999997,missing entry or incomplete path
1009,2023-05-01,2,6.0,censored/insufficient coverage,69.06078613400004,70200,0.0009837718822507128,,9.900000000000006,missing entry or incomplete path
1010,2023-05-01,2,7.0,censored/insufficient coverage,55.370799604999945,70200,0.0007887578291310534,,9.950000000000003,missing entry or incomplete path
1011,2023-05-01,3,5.0,censored/insufficient coverage,98.82798187300004,93600,0.0010558545071901713,,10.0,missing entry or incomplete path
1012,2023-05-01,3,6.0,censored/insufficient coverage,81.44546125599999,93600,0.0008701438168376066,,10.0,missing entry or incomplete path
1013,2023-05-01,3,7.0,censored/insufficient coverage,65.23973338500004,93600,0.0006970056985576927,,10.0,missing entry or incomplete path
1041,2023-05-12,3,5.0,censored/insufficient coverage,37.593136918000006,46800,0.0008032721563675215,,9.450000000000003,missing entry or incomplete path
1042,2023-05-12,3,6.0,censored/insufficient coverage,29.784592005,46800,0.0006364229060897436,,9.95000000000001,missing entry or incomplete path
1043,2023-05-12,3,7.0,censored/insufficient coverage,27.080562512000004,46800,0.0005786444981196582,,10.0,missing entry or incomplete path
1077,2023-05-31,2,5.0,censored/insufficient coverage,78.00832925900006,70200,0.0011112297615242174,1685712616840597428,7.849999999999994,missing entry or incomplete path
1078,2023-05-31,2,6.0,censored/insufficient coverage,84.13134381699989,70200,0.0011984521911253545,1685712616870589090,9.5,missing entry or incomplete path
1079,2023-05-31,2,7.0,censored/insufficient coverage,17866.003835427753,70200,0.2545014791371475,1685712619441933625,9.999999999999986,missing entry or incomplete path
1080,2023-06-02,3,5.0,censored/insufficient coverage,38.06029435399998,46800,0.0008132541528632474,,7.100000000000001,missing entry or incomplete path
1081,2023-06-02,3,6.0,censored/insufficient coverage,34.45519482400001,46800,0.0007362221116239318,,9.999999999999986,missing entry or incomplete path
1082,2023-06-02,3,7.0,censored/insufficient coverage,19.074963909999994,46800,0.0004075846989316238,,10.0,missing entry or incomplete path
1107,2023-06-13,2,5.0,censored/insufficient coverage,10777.709500024146,70200,0.15352862535646933,1686835837294432037,7.1000000000000085,missing entry or incomplete path
1108,2023-06-13,2,6.0,censored/insufficient coverage,13992.80371294784,70200,0.1993276882186302,1686836467203980555,9.299999999999997,missing entry or incomplete path
1109,2023-06-13,2,7.0,censored/insufficient coverage,77.63187515400011,70200,0.001105867167435899,,9.700000000000003,missing entry or incomplete path
1137,2023-06-30,3,5.0,censored/insufficient coverage,40.83262324599998,46800,0.0008724919497008543,1688391017910023509,0.9999999999999996,missing entry or incomplete path
1138,2023-06-30,3,6.0,censored/insufficient coverage,7084.112826243047,46800,0.15136993218468048,1688391018525783410,4.95,missing entry or incomplete path
1139,2023-06-30,3,7.0,censored/insufficient coverage,25.10178169799997,46800,0.0005363628567948711,,10.0,missing entry or incomplete path
1140,2023-07-03,2,5.0,censored/insufficient coverage,16541.264952240086,46800,0.35344583231282234,1688563876948643359,8.25,missing entry or incomplete path
1141,2023-07-03,2,6.0,censored/insufficient coverage,27.134128969,46800,0.000579789080534188,,9.25,missing entry or incomplete path
1142,2023-07-03,2,7.0,censored/insufficient coverage,24.911215563000006,46800,0.0005322909308333334,,9.950000000000003,missing entry or incomplete path
1143,2023-07-03,3,5.0,censored/insufficient coverage,58.96343274800002,70200,0.0008399349394301996,,10.0,missing entry or incomplete path
1144,2023-07-03,3,6.0,censored/insufficient coverage,58.96343274800002,70200,0.0008399349394301996,,10.0,missing entry or incomplete path
1145,2023-07-03,3,7.0,censored/insufficient coverage,48.557777096999935,70200,0.0006917062264529905,,10.0,missing entry or incomplete path
1170,2023-07-17,2,5.0,censored/insufficient coverage,80.52334593799993,70200,0.001147056209943019,1689773418585227158,7.800000000000004,missing entry or incomplete path
1171,2023-07-17,2,6.0,censored/insufficient coverage,81.62904451900002,70200,0.0011628069019800572,1689773418558587400,8.100000000000009,missing entry or incomplete path
1172,2023-07-17,2,7.0,censored/insufficient coverage,81.62287283900002,70200,0.0011627189863105416,1689773418585215963,7.300000000000004,missing entry or incomplete path
1173,2023-07-17,3,5.0,censored/insufficient coverage,17972.701681874776,93600,0.19201604360977326,1689687058877846774,6.799999999999997,missing entry or incomplete path
1174,2023-07-17,3,6.0,censored/insufficient coverage,16619.741464387982,93600,0.17756134043149555,1689687015309080613,5.1499999999999915,missing entry or incomplete path
1175,2023-07-17,3,7.0,censored/insufficient coverage,114.96659428500014,93600,0.0012282755799679502,1689687015304224271,1.7000000000000028,missing entry or incomplete path
1200,2023-07-31,2,5.0,censored/insufficient coverage,74.84983132599997,70200,0.001066236913475783,,10.0,missing entry or incomplete path
1201,2023-07-31,2,6.0,censored/insufficient coverage,80.45347873299991,70200,0.0011460609506125344,,10.0,missing entry or incomplete path
1202,2023-07-31,2,7.0,censored/insufficient coverage,61.659988264999946,70200,0.0008783474111823354,,10.0,missing entry or incomplete path
1203,2023-07-31,3,5.0,censored/insufficient coverage,95.55601236400007,93600,0.0010208975679914538,,10.0,missing entry or incomplete path
1204,2023-07-31,3,6.0,censored/insufficient coverage,91.66524746200001,93600,0.0009793295669017095,,10.0,missing entry or incomplete path
1205,2023-07-31,3,7.0,censored/insufficient coverage,80.93025393899998,93600,0.0008646394651602562,,10.0,missing entry or incomplete path
1206,2023-08-01,2,5.0,censored/insufficient coverage,65.68996393799992,70200,0.0009357544720512809,,10.0,missing entry or incomplete path
1207,2023-08-01,2,6.0,censored/insufficient coverage,58.167853349999994,70200,0.0008286018995726495,,10.0,missing entry or incomplete path
1208,2023-08-01,2,7.0,censored/insufficient coverage,64.80722288500003,70200,0.0009231798131766386,,10.0,missing entry or incomplete path
1209,2023-08-01,3,5.0,censored/insufficient coverage,102.23936406199988,93600,0.0010923008980982894,1690983053840323238,7.800000000000011,missing entry or incomplete path
1210,2023-08-01,3,6.0,censored/insufficient coverage,62.39603728200001,93600,0.0006666243299358975,,10.0,missing entry or incomplete path
1211,2023-08-01,3,7.0,censored/insufficient coverage,64.49979954400006,93600,0.000689100422478633,1691069435992373163,10.0,missing entry or incomplete path
1242,2023-08-15,2,5.0,censored/insufficient coverage,70.75061321400004,70200,0.0010078434930769237,,10.0,missing entry or incomplete path
1243,2023-08-15,2,6.0,censored/insufficient coverage,39.04672312599999,70200,0.000556221127150997,,10.0,missing entry or incomplete path
1244,2023-08-15,2,7.0,censored/insufficient coverage,49.670125627,70200,0.0007075516471082621,,10.0,missing entry or incomplete path
1278,2023-08-30,2,5.0,censored/insufficient coverage,88.00024014000005,70200,0.0012535646743589751,1693488618016527691,4.25,missing entry or incomplete path
1279,2023-08-30,2,6.0,censored/insufficient coverage,88.88694530099995,70200,0.0012661958020085463,1693488625154225786,7.200000000000003,missing entry or incomplete path
1280,2023-08-30,2,7.0,censored/insufficient coverage,88.13253984299999,70200,0.0012554492855128203,1693575018252146935,9.400000000000006,missing entry or incomplete path
1281,2023-09-05,2,5.0,censored/insufficient coverage,65.00408778100007,70200,0.0009259841564245024,,10.0,missing entry or incomplete path
1282,2023-09-05,2,6.0,censored/insufficient coverage,60.16849332899997,70200,0.0008571010445726492,1694093423608557030,10.0,missing entry or incomplete path
1283,2023-09-05,2,7.0,censored/insufficient coverage,62.84002843799995,70200,0.0008951571002564096,,10.0,missing entry or incomplete path
1284,2023-09-05,3,5.0,censored/insufficient coverage,113.69416846300005,93600,0.0012146812869978638,1694179822052891688,10.0,missing entry or incomplete path
1285,2023-09-05,3,6.0,censored/insufficient coverage,104.42495951099995,93600,0.0011156512768269226,,10.0,missing entry or incomplete path
1286,2023-09-05,3,7.0,censored/insufficient coverage,63.03132687,93600,0.0006734116118589744,1694093457574456138,10.0,missing entry or incomplete path
1305,2023-09-18,2,5.0,censored/insufficient coverage,20713.20951829585,70200,0.29505996464808903,1695130232949191763,7.400000000000006,missing entry or incomplete path
1306,2023-09-18,2,6.0,censored/insufficient coverage,18767.686123436262,70200,0.26734595617430573,1695217140765545410,9.949999999999989,missing entry or incomplete path
1307,2023-09-18,2,7.0,censored/insufficient coverage,86.21938765,70200,0.0012281964052706553,,10.0,missing entry or incomplete path
1308,2023-09-18,3,5.0,censored/insufficient coverage,115.55807131499999,93600,0.0012345947790064103,1695216644896794317,8.100000000000001,missing entry or incomplete path
1309,2023-09-18,3,6.0,censored/insufficient coverage,105.41899568899998,93600,0.001126271321463675,1695216650021898664,7.849999999999994,missing entry or incomplete path
1310,2023-09-18,3,7.0,censored/insufficient coverage,86.84779423999979,93600,0.0009278610495726473,,10.0,missing entry or incomplete path
1338,2023-09-29,3,5.0,censored/insufficient coverage,33.788734215,46800,0.0007219815003205128,,10.0,missing entry or incomplete path
1339,2023-09-29,3,6.0,censored/insufficient coverage,36.312084785000025,46800,0.0007758992475427356,,10.0,missing entry or incomplete path
1340,2023-09-29,3,7.0,censored/insufficient coverage,30.561822218999975,46800,0.0006530303892948713,,10.0,missing entry or incomplete path
1341,2023-10-02,2,5.0,censored/insufficient coverage,87.45424721500008,70200,0.0012457869973646735,1696339816292050950,6.75,missing entry or incomplete path
1342,2023-10-02,2,6.0,censored/insufficient coverage,87.33460533599998,70200,0.001244082697094017,1696339829461496559,7.699999999999996,missing entry or incomplete path
1343,2023-10-02,2,7.0,censored/insufficient coverage,63.03935390699998,70200,0.0008979964944017091,,10.0,missing entry or incomplete path
1344,2023-10-02,3,5.0,censored/insufficient coverage,19789.99685707961,93600,0.21143159035341466,1696339816023733798,7.150000000000006,missing entry or incomplete path
1345,2023-10-02,3,6.0,censored/insufficient coverage,107.17679455900002,93600,0.0011450512239209404,,10.0,missing entry or incomplete path
1346,2023-10-02,3,7.0,censored/insufficient coverage,92.29917152800002,93600,0.00098610225991453,,10.0,missing entry or incomplete path
1377,2023-10-16,2,5.0,censored/insufficient coverage,88.7729504829999,70200,0.001264571944202278,1697549416121145947,7.199999999999996,missing entry or incomplete path
1378,2023-10-16,2,6.0,censored/insufficient coverage,83.47922035199998,70200,0.0011891626830769228,,10.0,missing entry or incomplete path
1379,2023-10-16,2,7.0,censored/insufficient coverage,79.04637198299999,70200,0.0011260166949145296,,10.0,missing entry or incomplete path
1380,2023-10-16,3,5.0,censored/insufficient coverage,128.9537726999999,93600,0.0013777112467948706,,10.0,missing entry or incomplete path
1381,2023-10-16,3,6.0,censored/insufficient coverage,107.9855899269999,93600,0.001153692200074785,,10.0,missing entry or incomplete path
1382,2023-10-16,3,7.0,censored/insufficient coverage,110.59776041400005,93600,0.0011816000044230775,,10.0,missing entry or incomplete path
1413,2023-10-31,2,5.0,censored/insufficient coverage,44.88206552600005,70200,0.0006393456627635334,1698845415525241314,3.0500000000000007,missing entry or incomplete path
1414,2023-10-31,2,6.0,censored/insufficient coverage,68.84951230099998,70200,0.0009807622834900282,1698931816671684611,8.400000000000006,missing entry or incomplete path
1415,2023-10-31,2,7.0,censored/insufficient coverage,65.34474368099988,70200,0.0009308368045726479,1698931816671906863,7.949999999999996,missing entry or incomplete path
1416,2023-10-31,3,5.0,censored/insufficient coverage,80.45389858799996,93600,0.0008595501985897431,1698845428322066250,7.149999999999999,missing entry or incomplete path
1417,2023-10-31,3,6.0,censored/insufficient coverage,91.68630004099988,93600,0.00097955448761752,1698845428259021927,7.249999999999986,missing entry or incomplete path
1418,2023-10-31,3,7.0,censored/insufficient coverage,101.313783022,93600,0.0010824122117735042,1698845415592640920,5.400000000000006,missing entry or incomplete path
1419,2023-11-01,2,5.0,censored/insufficient coverage,53.72539447899995,70200,0.000765319009672364,1698931815422011677,0.6500000000000004,missing entry or incomplete path
1420,2023-11-01,2,6.0,censored/insufficient coverage,32.23127028199995,70200,0.00045913490430199357,,10.0,missing entry or incomplete path
1421,2023-11-01,2,7.0,censored/insufficient coverage,69.5307618399999,70200,0.0009904666928774915,1698931815831083199,1.4999999999999982,missing entry or incomplete path
1449,2023-11-14,2,5.0,censored/insufficient coverage,90.1358849759996,70200,0.0012839869654700797,1700058615792183370,2.5500000000000007,missing entry or incomplete path
1450,2023-11-14,2,6.0,censored/insufficient coverage,89.97054489899985,70200,0.0012816316937179465,1700058616132550536,3.299999999999997,missing entry or incomplete path
1451,2023-11-14,2,7.0,censored/insufficient coverage,88.5159141810002,70200,0.0012609104584188062,1700058620585428192,5.899999999999999,missing entry or incomplete path
1479,2023-11-29,2,5.0,censored/insufficient coverage,80.34212241400003,70200,0.0011444746782621087,,10.0,missing entry or incomplete path
1480,2023-11-29,2,6.0,censored/insufficient coverage,71.10003600700003,70200,0.001012821025740741,,10.0,missing entry or incomplete path
1481,2023-11-29,2,7.0,censored/insufficient coverage,68.63380013099999,70200,0.0009776894605555554,,10.0,missing entry or incomplete path
1482,2023-12-01,3,5.0,censored/insufficient coverage,44.996890859999986,46800,0.0009614720269230766,,9.5,missing entry or incomplete path
1483,2023-12-01,3,6.0,censored/insufficient coverage,41.68905864499997,46800,0.0008907918513888881,,10.0,missing entry or incomplete path
1484,2023-12-01,3,7.0,censored/insufficient coverage,40.44028436200002,46800,0.0008641086402136756,,10.0,missing entry or incomplete path
1509,2023-12-12,2,5.0,censored/insufficient coverage,65.99573547,70200,0.0009401101918803419,1702477816468421205,1.5999999999999979,missing entry or incomplete path
1510,2023-12-12,2,6.0,censored/insufficient coverage,66.58987165200008,70200,0.0009485736702564114,1702477816537822242,2.549999999999997,missing entry or incomplete path
1511,2023-12-12,2,7.0,censored/insufficient coverage,74.72970873400003,70200,0.001064525765441596,1702477836579471003,7.300000000000004,missing entry or incomplete path
1536,2023-12-27,2,5.0,censored/insufficient coverage,16079.331145916656,70200,0.22905030122388398,1703773816842751505,6.400000000000002,missing entry or incomplete path
1537,2023-12-27,2,6.0,censored/insufficient coverage,85.86759688500021,70200,0.0012231851408119688,1703773816320168460,5.300000000000001,missing entry or incomplete path
1538,2023-12-27,2,7.0,censored/insufficient coverage,68.31604128800006,70200,0.0009731629813105422,,10.0,missing entry or incomplete path
1539,2024-01-02,2,5.0,censored/insufficient coverage,79.93830742199995,70200,0.0011387223279487172,,10.0,missing entry or incomplete path
1540,2024-01-02,2,6.0,censored/insufficient coverage,74.53107609799994,70200,0.0010616962407122498,1704379499851070772,10.0,missing entry or incomplete path
1541,2024-01-02,2,7.0,censored/insufficient coverage,70.53851564599985,70200,0.001004822160199428,1704379499851701779,10.0,missing entry or incomplete path
1542,2024-01-02,3,5.0,censored/insufficient coverage,119.40480013899993,93600,0.0012756923091773497,,10.0,missing entry or incomplete path
1543,2024-01-02,3,6.0,censored/insufficient coverage,111.99056615599982,93600,0.0011964804076495708,,10.0,missing entry or incomplete path
1544,2024-01-02,3,7.0,censored/insufficient coverage,107.78953071600014,93600,0.0011515975503846169,,10.0,missing entry or incomplete path
1569,2024-01-19,3,5.0,censored/insufficient coverage,53.163300088,46800,0.0011359679505982905,1705933815614762830,0.07500000000000001,missing entry or incomplete path
1570,2024-01-19,3,6.0,censored/insufficient coverage,50.70068663299998,46800,0.0010833480049786321,1705933815614759147,0.1499999999999999,missing entry or incomplete path
1571,2024-01-19,3,7.0,censored/insufficient coverage,65.44156953199997,46800,0.0013983241352991448,1705933815694574963,0.2749999999999999,missing entry or incomplete path
1602,2024-01-31,2,5.0,censored/insufficient coverage,128.56235933100004,70200,0.0018313726400427356,1706797825715510649,6.699999999999989,missing entry or incomplete path
1603,2024-01-31,2,6.0,censored/insufficient coverage,131.08512263799977,70200,0.001867309439287746,1706884216725296762,9.049999999999997,missing entry or incomplete path
1604,2024-01-31,2,7.0,censored/insufficient coverage,109.72434297000002,70200,0.001563024828632479,,10.0,missing entry or incomplete path
1605,2024-02-02,3,5.0,censored/insufficient coverage,54.848142731,46800,0.0011719688617735043,1707143415480595408,0.6499999999999999,missing entry or incomplete path
1606,2024-02-02,3,6.0,censored/insufficient coverage,56.89707521999981,46800,0.0012157494705128166,1707143415560752881,1.1,missing entry or incomplete path
1607,2024-02-02,3,7.0,censored/insufficient coverage,57.58831830000001,46800,0.0012305196217948721,1707143415560768234,2.5,missing entry or incomplete path
1632,2024-02-13,2,5.0,censored/insufficient coverage,87.09286443299997,70200,0.0012406390944871791,1707921015426538336,1.75,missing entry or incomplete path
1633,2024-02-13,2,6.0,censored/insufficient coverage,109.02859586000017,70200,0.0015531139011396035,1707921015396837838,2.75,missing entry or incomplete path
1634,2024-02-13,2,7.0,censored/insufficient coverage,105.39729924699988,70200,0.0015013860291595424,,10.0,missing entry or incomplete path
1659,2024-02-28,2,5.0,censored/insufficient coverage,126.24593781399976,70200,0.001798375182535609,1709217015354592045,2.799999999999997,missing entry or incomplete path
1660,2024-02-28,2,6.0,censored/insufficient coverage,11566.844246310864,70200,0.1647698610585593,1709217021349573582,8.050000000000004,missing entry or incomplete path
1661,2024-02-28,2,7.0,censored/insufficient coverage,14095.021540198266,70200,0.20078378262390692,1709217017878336885,8.450000000000003,missing entry or incomplete path
1662,2024-03-01,3,5.0,censored/insufficient coverage,63.35006412700001,46800,0.0013536338488675216,1709562615404453949,0.3500000000000003,missing entry or incomplete path
1663,2024-03-01,3,6.0,censored/insufficient coverage,71.08172675600007,46800,0.0015188403152991466,1709562615533816918,0.8500000000000001,missing entry or incomplete path
1664,2024-03-01,3,7.0,censored/insufficient coverage,77.88637284000013,46800,0.0016642387358974389,1709562615553838954,1.5499999999999998,missing entry or incomplete path
1689,2024-03-12,2,5.0,censored/insufficient coverage,18574.59961252805,70200,0.26459543607589814,1710336616218768335,5.149999999999999,missing entry or incomplete path
1690,2024-03-12,2,6.0,censored/insufficient coverage,118.69849854300013,70200,0.0016908618026068394,1710336616616732447,5.600000000000001,missing entry or incomplete path
1691,2024-03-12,2,7.0,censored/insufficient coverage,118.31113895000003,70200,0.00168534385968661,1710336616219215333,6.0,missing entry or incomplete path
1719,2024-03-26,2,5.0,censored/insufficient coverage,121.50885530100005,70200,0.0017308953746581204,1711546234705442532,6.599999999999994,missing entry or incomplete path
1720,2024-03-26,2,6.0,censored/insufficient coverage,98.90967546900016,70200,0.0014089697360256434,,10.0,missing entry or incomplete path
1721,2024-03-26,2,7.0,censored/insufficient coverage,105.11138637500011,70200,0.0014973131962250728,,10.0,missing entry or incomplete path
1722,2024-04-01,2,5.0,censored/insufficient coverage,92.29247454800038,70200,0.00131470761464388,,10.0,missing entry or incomplete path
1723,2024-04-01,2,6.0,censored/insufficient coverage,116.1423040690001,70200,0.0016544487759116823,,10.0,missing entry or incomplete path
1724,2024-04-01,2,7.0,censored/insufficient coverage,77.05050735200003,70200,0.0010975855748148152,,10.0,missing entry or incomplete path
1725,2024-04-01,3,5.0,censored/insufficient coverage,20830.963592637334,93600,0.22255302983586894,1712237421598013644,10.0,missing entry or incomplete path
1726,2024-04-01,3,6.0,censored/insufficient coverage,136.97686950700023,93600,0.0014634280930235068,1712237432935452825,10.0,missing entry or incomplete path
1727,2024-04-01,3,7.0,censored/insufficient coverage,135.24570850600008,93600,0.0014449327831837617,,10.0,missing entry or incomplete path
1758,2024-04-15,2,5.0,censored/insufficient coverage,72.40286039499995,70200,0.001031379777706552,,10.0,missing entry or incomplete path
1759,2024-04-15,2,6.0,censored/insufficient coverage,59.574070767000045,70200,0.0008486334867094024,,10.0,missing entry or incomplete path
1760,2024-04-15,2,7.0,censored/insufficient coverage,48.60886603399999,70200,0.000692433989088319,,10.0,missing entry or incomplete path
1761,2024-04-15,3,5.0,censored/insufficient coverage,120.81398374000005,93600,0.001290747689529915,,10.0,missing entry or incomplete path
1762,2024-04-15,3,6.0,censored/insufficient coverage,110.17726709699994,93600,0.0011771075544551276,,10.0,missing entry or incomplete path
1763,2024-04-15,3,7.0,censored/insufficient coverage,103.53937979699977,93600,0.0011061899550961513,,10.0,missing entry or incomplete path
1794,2024-04-30,2,5.0,censored/insufficient coverage,103.67817978800018,70200,0.0014768971479772106,,10.0,missing entry or incomplete path
1795,2024-04-30,2,6.0,censored/insufficient coverage,83.32217886000008,70200,0.0011869256247863259,,10.0,missing entry or incomplete path
1796,2024-04-30,2,7.0,censored/insufficient coverage,62.605119680999955,70200,0.0008918108216666661,,10.0,missing entry or incomplete path
1797,2024-04-30,3,5.0,censored/insufficient coverage,143.66073680000008,93600,0.0015348369316239324,1714743015995803484,9.949999999999989,missing entry or incomplete path
1798,2024-04-30,3,6.0,censored/insufficient coverage,21896.805690099365,93600,0.23394023173183082,1714743017855900245,9.999999999999972,missing entry or incomplete path
1799,2024-04-30,3,7.0,censored/insufficient coverage,142.51660642900012,93600,0.0015226133165491466,,10.0,missing entry or incomplete path
1800,2024-05-01,2,5.0,censored/insufficient coverage,91.87570877899999,70200,0.0013087707803276353,1714656615785080634,4.0,missing entry or incomplete path
1801,2024-05-01,2,6.0,censored/insufficient coverage,100.395210688,70200,0.0014301312063817666,1714656616521479912,7.0,missing entry or incomplete path
1802,2024-05-01,2,7.0,censored/insufficient coverage,108.72627013300001,70200,0.001548807266851852,1714743015995788088,9.199999999999989,missing entry or incomplete path
1830,2024-05-14,2,5.0,censored/insufficient coverage,82.447240806,70200,0.0011744621197435896,1715779815772877082,2.599999999999998,missing entry or incomplete path
1831,2024-05-14,2,6.0,censored/insufficient coverage,99.61325575499998,70200,0.001418992247222222,1715779815787106727,3.1000000000000014,missing entry or incomplete path
1832,2024-05-14,2,7.0,censored/insufficient coverage,116.74039454399981,70200,0.0016629685832478605,1715866215565602010,6.949999999999996,missing entry or incomplete path
1860,2024-05-31,3,5.0,censored/insufficient coverage,49.86444446600003,46800,0.0010654795826068382,1717421417803600565,1.5,missing entry or incomplete path
1861,2024-05-31,3,6.0,censored/insufficient coverage,51.82817295200002,46800,0.0011074395929914535,1717421445559279124,8.75,missing entry or incomplete path
1862,2024-05-31,3,7.0,censored/insufficient coverage,17984.64291230324,46800,0.3842872417158812,1717421470102284896,8.95,missing entry or incomplete path
1863,2024-06-03,2,5.0,censored/insufficient coverage,119.38103479400002,70200,0.0017005845412250715,1717594215884619889,9.100000000000009,missing entry or incomplete path
1864,2024-06-03,2,6.0,censored/insufficient coverage,120.73214532499965,70200,0.00171983112998575,1717594216992428605,9.700000000000003,missing entry or incomplete path
1865,2024-06-03,2,7.0,censored/insufficient coverage,15866.01240692613,70200,0.22601157274823547,1717594217325790157,10.0,missing entry or incomplete path
1866,2024-06-03,3,5.0,censored/insufficient coverage,132.87193321699996,93600,0.0014195719360790594,1717594215844788727,7.849999999999994,missing entry or incomplete path
1867,2024-06-03,3,6.0,censored/insufficient coverage,141.71417464099997,93600,0.0015140403273611108,1717594217377567401,8.900000000000006,missing entry or incomplete path
1868,2024-06-03,3,7.0,censored/insufficient coverage,151.8582895120003,93600,0.0016224176229914563,1717680615889688656,9.999999999999972,missing entry or incomplete path
1896,2024-06-14,3,5.0,censored/insufficient coverage,77.41918172099993,46800,0.0016542560196794857,1718631015814783642,2.049999999999999,missing entry or incomplete path
1897,2024-06-14,3,6.0,censored/insufficient coverage,80.0595219089998,46800,0.0017106735450640983,1718631015824625816,2.1500000000000004,missing entry or incomplete path
1898,2024-06-14,3,7.0,censored/insufficient coverage,15055.845633456129,46800,0.3217061032789771,1718631047334424367,6.799999999999997,missing entry or incomplete path
1923,2024-06-28,3,5.0,censored/insufficient coverage,57.08088326899998,46800,0.00121967699292735,,10.0,missing entry or incomplete path
1924,2024-06-28,3,6.0,censored/insufficient coverage,57.704149605,46800,0.0012329946496794871,,10.0,missing entry or incomplete path
1925,2024-06-28,3,7.0,censored/insufficient coverage,57.82268269300007,46800,0.001235527407970087,,10.0,missing entry or incomplete path
1956,2024-07-15,2,5.0,censored/insufficient coverage,90.03125137000008,70200,0.0012824964582621094,1721136619002351572,7.050000000000004,missing entry or incomplete path
1957,2024-07-15,2,6.0,censored/insufficient coverage,81.27983466599989,70200,0.001157832402649571,1721136655679722778,8.399999999999991,missing entry or incomplete path
1958,2024-07-15,2,7.0,censored/insufficient coverage,78.96607448999976,70200,0.0011248728559829025,,10.0,missing entry or incomplete path
1959,2024-07-15,3,5.0,censored/insufficient coverage,115.60749831200003,93600,0.0012351228452136755,1721136655786852654,7.900000000000006,missing entry or incomplete path
1960,2024-07-15,3,6.0,censored/insufficient coverage,110.43385052199994,93600,0.0011798488303632472,1721136615665740714,5.450000000000003,missing entry or incomplete path
1961,2024-07-15,3,7.0,censored/insufficient coverage,100.22352299900008,93600,0.0010707641346047018,,10.0,missing entry or incomplete path
1998,2024-07-31,2,5.0,censored/insufficient coverage,99.65902587500013,70200,0.00141964424323362,1722519018770663167,4.649999999999999,missing entry or incomplete path
1999,2024-07-31,2,6.0,censored/insufficient coverage,102.3022607209999,70200,0.0014572971612678049,1722519051385183191,6.3999999999999915,missing entry or incomplete path
2000,2024-07-31,2,7.0,censored/insufficient coverage,89.24515563600002,70200,0.0012712985133333337,1722519024768185363,5.8999999999999915,missing entry or incomplete path
2025,2024-08-16,3,5.0,censored/insufficient coverage,62.39932636899999,46800,0.001333318939508547,1724074215917619546,2.5000000000000018,missing entry or incomplete path
2026,2024-08-16,3,6.0,censored/insufficient coverage,64.22827157499998,46800,0.0013723989652777773,1724074215917856449,1.1500000000000004,missing entry or incomplete path
2027,2024-08-16,3,7.0,censored/insufficient coverage,62.987666417000064,46800,0.001345890308055557,1724076000882940445,8.950000000000003,missing entry or incomplete path
2058,2024-08-28,2,5.0,censored/insufficient coverage,99.84944877999992,70200,0.001422356820227919,,10.0,missing entry or incomplete path
2059,2024-08-28,2,6.0,censored/insufficient coverage,53.513825409,70200,0.0007623052052564102,1724938258326553588,10.0,missing entry or incomplete path
2060,2024-08-28,2,7.0,censored/insufficient coverage,76.31788938600018,70200,0.001087149421452994,1724938217191769037,9.850000000000023,missing entry or incomplete path
2061,2024-09-03,2,5.0,censored/insufficient coverage,53.227028608000005,70200,0.0007582197807407408,,10.0,missing entry or incomplete path
2062,2024-09-03,2,6.0,censored/insufficient coverage,45.06450294,70200,0.0006419444863247863,,10.0,missing entry or incomplete path
2063,2024-09-03,2,7.0,censored/insufficient coverage,49.691782174999936,70200,0.000707860144943019,1725543017692815273,10.0,missing entry or incomplete path
2064,2024-09-03,3,5.0,censored/insufficient coverage,64.73680126299995,93600,0.0006916324921260678,,10.0,missing entry or incomplete path
2065,2024-09-03,3,6.0,censored/insufficient coverage,72.95985538999994,93600,0.0007794856345085464,,10.0,missing entry or incomplete path
2066,2024-09-03,3,7.0,censored/insufficient coverage,57.82132393900001,93600,0.0006177491873824787,1725456617922599682,9.699999999999932,missing entry or incomplete path
2091,2024-09-16,2,5.0,censored/insufficient coverage,97.38489692199985,70200,0.0013872492439031318,1726579824593535087,3.8500000000000014,missing entry or incomplete path
2092,2024-09-16,2,6.0,censored/insufficient coverage,95.98172328399995,70200,0.0013672610154415949,1726579839409781525,7.849999999999994,missing entry or incomplete path
2093,2024-09-16,2,7.0,censored/insufficient coverage,95.84558501499987,70200,0.001365321723860397,1726579844813830555,8.600000000000009,missing entry or incomplete path
2094,2024-09-16,3,5.0,censored/insufficient coverage,160.51284130299987,93600,0.001714880783151708,1726579828576388581,4.6499999999999915,missing entry or incomplete path
2095,2024-09-16,3,6.0,censored/insufficient coverage,163.34378600400018,93600,0.0017451259188461558,1726752619176977531,9.699999999999989,missing entry or incomplete path
2096,2024-09-16,3,7.0,censored/insufficient coverage,176.02675695600004,93600,0.0018806277452564108,1726579844813966078,7.0,missing entry or incomplete path
2127,2024-10-01,2,5.0,censored/insufficient coverage,97.23122525500015,70200,0.001385060188817666,1727964878827248722,10.0,missing entry or incomplete path
2128,2024-10-01,2,6.0,censored/insufficient coverage,48.152822406999995,70200,0.0006859376411253561,1727962242051565591,10.0,missing entry or incomplete path
2129,2024-10-01,2,7.0,censored/insufficient coverage,47.25838971500001,70200,0.0006731964346866098,1727962257196650615,10.0,missing entry or incomplete path
2130,2024-10-01,3,5.0,censored/insufficient coverage,139.4910205930003,93600,0.0014902886815491483,1727962237090079949,9.900000000000006,missing entry or incomplete path
2131,2024-10-01,3,6.0,censored/insufficient coverage,73.2566045359999,93600,0.0007826560313675203,1727962242357617933,10.0,missing entry or incomplete path
2132,2024-10-01,3,7.0,censored/insufficient coverage,73.89211257099996,93600,0.000789445647126068,1728048647957832473,10.0,missing entry or incomplete path
2163,2024-10-15,2,5.0,censored/insufficient coverage,106.97987086799995,70200,0.0015239297844444437,,10.0,missing entry or incomplete path
2164,2024-10-15,2,6.0,censored/insufficient coverage,73.1642038119999,70200,0.0010422251255270641,1729171819822177975,9.849999999999994,missing entry or incomplete path
2165,2024-10-15,2,7.0,censored/insufficient coverage,66.85455011999998,70200,0.0009523440188034186,1729171828692288609,10.0,missing entry or incomplete path
2232,2024-11-15,3,5.0,censored/insufficient coverage,46.327783493999966,46800,0.000989909903717948,1731940221033161934,9.800000000000011,missing entry or incomplete path
2233,2024-11-15,3,6.0,censored/insufficient coverage,52.24207390000003,46800,0.001116283630341881,1731940229078075197,9.949999999999989,missing entry or incomplete path
2234,2024-11-15,3,7.0,censored/insufficient coverage,55.675919041000036,46800,0.001189656389764958,,10.0,missing entry or incomplete path
2262,2024-11-29,3,5.0,censored/insufficient coverage,57.76971150700006,46800,0.0012343955450213689,1733149817562519001,0.7999999999999989,missing entry or incomplete path
2263,2024-11-29,3,6.0,censored/insufficient coverage,68.95139764300004,46800,0.0014733204624572658,1733149815492628113,1.2000000000000002,missing entry or incomplete path
2264,2024-11-29,3,7.0,censored/insufficient coverage,76.33288896099992,46800,0.0016310446359188019,1733149815492607987,2.1999999999999993,missing entry or incomplete path
2295,2024-12-11,2,5.0,censored/insufficient coverage,99.91309059000002,70200,0.001423263398717949,1734013815800583769,2.8000000000000007,missing entry or incomplete path
2296,2024-12-11,2,6.0,censored/insufficient coverage,117.77099866199993,70200,0.0016776495535897424,1734013828396018765,5.400000000000006,missing entry or incomplete path
2297,2024-12-11,2,7.0,censored/insufficient coverage,118.7664393800001,70200,0.0016918296207977222,1734013857012248196,8.149999999999999,missing entry or incomplete path
2322,2024-12-27,3,5.0,censored/insufficient coverage,26.565859992999993,46800,0.0005676465810470084,1735569054314760525,10.0,missing entry or incomplete path
2323,2024-12-27,3,6.0,censored/insufficient coverage,30.816961068999998,46800,0.0006584820741239315,1735569053211262005,8.300000000000011,missing entry or incomplete path
2324,2024-12-27,3,7.0,censored/insufficient coverage,29.641765336000002,46800,0.0006333710541880342,1735571377712578473,10.0,missing entry or incomplete path
