candidate_id,session_date,calendar_dte,target_credit,resting_activation_ns,minute_touches,minute_touches_any_fresh_events,strong fill evidence,plausible fill evidence,ambiguous,unlikely fill,conditional_strong fill evidence,conditional_plausible fill evidence,conditional_ambiguous,conditional_unlikely fill,events,valid_events,fresh_seconds,stale_events,unmatched_events,invalid_events,locked_events,trade_events,first_mid,last_mid,median_mid,median_width,updates_per_second,bid_min,bid_max,ask_min,ask_max,bid_target_seconds,bid_target_crossings,mid_target_seconds,mid_target_crossings,ask_target_seconds,ask_target_crossings
939,2023-03-28,2,5.0,,789,2,0,0,789,0,1,1,787,0,540,474,59.69140487199998,34,0,38,0,0,3.0,0.2749999999999999,2.4000000000000004,13.600000000000001,0.0027531355154481493,-17.8,-1.1500000000000004,1.5499999999999998,22.199999999999996,59.69140487199998,0,59.54996947899997,7,20.139722015999997,10
940,2023-03-28,2,6.0,,713,2,0,0,713,0,1,1,711,0,581,529,63.96165667799997,35,0,21,0,0,3.1000000000000014,0.3500000000000001,3.1999999999999957,14.600000000000001,0.0029621698786581013,-14.799999999999997,-1.1999999999999997,1.7999999999999998,21.200000000000003,63.96165667799997,0,28.519208180999982,23,23.003157736999988,11
941,2023-03-28,2,7.0,,386,1,0,0,386,0,0,1,385,0,952,925,81.09760620499995,23,0,13,0,0,7.549999999999997,1.2999999999999998,1.3000000000000007,8.6,0.004853675945753033,-18.85,-1.0,3.200000000000001,22.200000000000003,81.09760620499995,0,38.00099362799997,0,0,0
942,2023-03-28,3,5.0,,809,2,0,0,809,0,1,1,807,0,1316,1260,109.69467408899999,50,0,19,0,0,4.200000000000003,0.34999999999999987,1.3499999999999996,5.899999999999999,0.004657747575564522,-19.8,-1.1999999999999993,2.5,20.400000000000006,109.69467408899999,0,67.55557049799995,5,20.190937929,9
943,2023-03-28,3,6.0,,798,2,0,0,798,0,1,1,796,0,1530,1492,112.98160883399997,34,0,14,0,1,4.499999999999993,0.6499999999999995,1.700000000000001,6.299999999999997,0.005415162454873646,-11.399999999999999,-1.0,2.0,20.799999999999997,112.98160883399997,0,71.32155062700005,2,12.811698524,9
944,2023-03-28,3,7.0,,780,2,0,0,780,0,1,1,778,0,1413,1318,102.06452887999998,91,0,9,0,0,6.300000000000004,1.1500000000000004,1.3000000000000007,9.899999999999999,0.005001061796559779,-18.4,-0.5,2.5,21.89999999999999,102.06452887999998,0,79.89819877500003,7,0.0109212,1
945,2023-03-29,2,5.0,,782,2,0,0,782,0,1,1,780,0,1053,998,78.951852456,53,0,5,0,0,2.4000000000000004,0.9000000000000004,1.1500000000000004,9.600000000000005,0.0053686142551238915,-18.5,-0.5,2.5999999999999996,20.4,78.951852456,0,78.94756876199999,3,0.012600023,1
946,2023-03-29,2,6.0,,707,1,0,0,707,0,0,1,706,0,1192,1159,82.75133174399996,33,0,7,0,0,2.6000000000000014,1.3000000000000007,1.4999999999999991,7.1,0.006077291730396656,-15.0,-0.9000000000000004,3.0999999999999996,19.799999999999997,82.75133174399996,0,79.15531820799997,46,0,0
947,2023-03-29,2,7.0,,387,317,0,0,387,0,241,76,70,0,125268,91831,6489.046174504059,29960,0,4110,0,41,4.199999999999999,0.05000000000000002,1.3499999999999996,5.1,0.6386662587947385,-19.700000000000003,1.0000000000000018,0.45000000000000007,23.800000000000004,6489.046174504059,0,6397.470866171069,77,2827.2586024450015,95
948,2023-03-31,3,5.0,,643,1,0,0,643,0,0,1,642,0,884,825,38.30858456900006,53,0,7,0,0,2.6000000000000005,1.9000000000000004,1.9000000000000021,10.799999999999997,0.003128760529482551,-10.899999999999999,-1.0999999999999979,4.999999999999998,15.299999999999999,38.30858456900006,0,38.30546349700006,1,0,0
949,2023-03-31,3,6.0,,338,197,0,0,338,0,67,130,141,0,167548,142352,10717.938466793974,24223,0,1343,23,85,5.3000000000000025,0.0,2.0999999999999996,7.699999999999999,0.5930062999929213,-20.0,1.7000000000000028,0.15000000000000002,25.1,10717.938466793974,0,6212.613988870069,609,958.7787027780028,88
950,2023-03-31,3,7.0,,130,0,0,0,130,0,0,0,130,0,62698,256,35.742683732,62442,0,58143,7,25,4.200000000000003,4.649999999999999,4.4999999999999964,17.200000000000003,0.22190840235010972,-16.9,-2.6000000000000014,11.200000000000003,25.200000000000003,35.742683732,0,0.009152447,2,0,0
951,2023-04-03,2,5.0,,17,1,0,0,17,0,0,1,16,0,60410,431,74.42993764599997,59979,0,58900,0,16,3.4499999999999993,7.100000000000001,4.600000000000005,26.5,0.30799428979300497,-16.799999999999997,-2.3999999999999986,8.800000000000004,26.0,74.42993764599997,0,2.663098354,15,0,0
952,2023-04-03,2,6.0,,0,0,0,0,0,0,0,0,0,0,489,452,69.24316169599996,30,0,9,0,0,4.599999999999998,8.25,5.199999999999996,27.4,0.0024931171612113797,-14.700000000000003,-1.3999999999999986,11.5,28.299999999999983,69.24316169599996,0,0,0,0,0
953,2023-04-03,2,7.0,,0,0,0,0,0,0,0,0,0,0,428,377,59.69181824299998,35,0,20,0,0,6.0,9.349999999999994,7.900000000000006,30.5,0.0021821148159477926,-12.199999999999989,-2.4000000000000057,15.200000000000003,29.400000000000006,59.69181824299998,0,0,0,0,0
954,2023-04-03,3,5.0,,0,0,0,0,0,0,0,0,0,0,652,571,105.02050246299999,45,0,41,0,0,4.0,9.849999999999994,5.950000000000003,27.299999999999997,0.002307637856586678,-16.0,-1.5,8.799999999999997,29.5,105.02050246299999,0,0.297268105,6,0,0
955,2023-04-03,3,6.0,,0,0,0,0,0,0,0,0,0,0,737,584,86.25750536999992,55,0,107,0,0,5.399999999999999,10.0,6.950000000000003,31.099999999999994,0.0026084802151907695,-13.799999999999997,-0.7999999999999972,11.099999999999994,29.80000000000001,86.25750536999992,0,0,0,0,0
956,2023-04-03,3,7.0,,0,0,0,0,0,0,0,0,0,0,714,579,75.89286630100011,52,0,90,0,0,6.8500000000000085,9.950000000000017,9.199999999999989,33.69999999999999,0.002527075812274368,-13.5,-4.199999999999989,18.0,31.0,75.89286630100011,0,0,0,0,0
978,2023-04-17,2,5.0,,234,1,0,0,234,0,0,1,233,0,2267,2237,85.10532546800002,28,0,7,0,2,2.3499999999999996,7.699999999999996,2.400000000000002,4.0,0.011558070765779546,-11.5,0.7000000000000028,4.0,27.60000000000001,85.10532546800002,0,44.02148530500005,3,0,0
979,2023-04-17,2,6.0,,14,0,0,0,14,0,0,0,14,0,653,624,72.85555154499995,29,0,2,0,1,3.200000000000003,8.650000000000006,8.25,24.450000000000003,0.0033292546140511877,-11.100000000000009,-0.4000000000000057,6.699999999999996,28.39999999999999,72.85555154499995,0,12.763813618999999,16,0,0
980,2023-04-17,2,7.0,,0,0,0,0,0,0,0,0,0,0,521,468,66.82654804100001,27,0,31,0,0,3.5,9.849999999999994,5.399999999999999,21.4,0.002656265932497196,-10.700000000000003,-1.6000000000000085,11.399999999999999,29.5,66.82654804100001,0,0,0,0,0
981,2023-04-17,3,5.0,,23,0,0,0,23,0,0,0,23,0,1442,1235,110.41153638800014,199,0,11,0,2,2.8500000000000014,8.699999999999996,6.100000000000001,21.10000000000001,0.005103702130671763,-12.699999999999989,-0.19999999999999574,6.100000000000001,28.60000000000001,110.41153638800014,0,19.405097286999997,27,0,0
982,2023-04-17,3,6.0,,0,0,0,0,0,0,0,0,0,0,851,797,107.07436266099988,50,0,7,0,0,3.4999999999999964,9.5,7.799999999999997,27.200000000000017,0.003011962907906845,-11.700000000000017,-1.8999999999999986,9.300000000000004,29.5,107.07436266099988,0,0.022127311,1,0,0
983,2023-04-17,3,7.0,,0,0,0,0,0,0,0,0,0,0,874,693,84.42541550399996,94,0,103,0,0,6.350000000000001,10.0,9.0,30.400000000000006,0.003093367310823246,-12.899999999999977,-3.799999999999983,15.299999999999997,31.899999999999977,84.42541550399996,0,0,0,0,0
1005,2023-04-28,3,5.0,,374,337,0,0,374,0,266,71,37,0,311112,283697,13907.160432262925,26948,0,1089,6,244,2.6999999999999993,0.024999999999999994,2.250000000000001,2.9000000000000004,1.1011255043533659,-19.3,3.299999999999997,0.3,24.0,13907.005216613925,2,12363.886952347977,1489,7194.821118606984,225
1006,2023-04-28,3,6.0,,118,118,0,0,118,0,84,34,0,0,224518,200355,14709.190647766141,23944,0,276,7,187,5.75,6.475,4.325,8.900000000000002,0.7946414666949813,-19.0,5.0,1.6,27.9,14702.930425063127,19,4723.778617882945,144,1637.4950234510045,255
1007,2023-04-28,3,7.0,,37,0,0,0,37,0,0,0,37,0,88707,255,37.319322271000004,88452,0,75566,3,74,6.7500000000000036,6.299999999999997,5.800000000000001,23.1,0.31396262476109577,-10.799999999999997,-4.200000000000003,15.599999999999994,21.699999999999996,37.319322271000004,0,0,0,0,0
1008,2023-05-01,2,5.0,,0,0,0,0,0,0,0,0,0,0,484,454,71.75575835500003,30,0,2,0,0,6.0,7.25,7.050000000000004,25.399999999999977,0.0024676251656979707,-10.899999999999991,-3.5999999999999943,14.199999999999989,24.700000000000017,71.75575835500003,0,0,0,0,0
1009,2023-05-01,2,6.0,,0,0,0,0,0,0,0,0,0,0,508,481,69.06078613400004,27,0,2,0,0,6.399999999999999,8.449999999999989,8.299999999999997,27.099999999999994,0.002589986744162333,-13.599999999999994,-2.3000000000000114,17.799999999999983,26.39999999999999,69.06078613400004,0,0,0,0,0
1010,2023-05-01,2,7.0,,0,0,0,0,0,0,0,0,0,0,441,387,55.370799604999945,43,0,14,0,0,7.400000000000006,8.849999999999994,8.849999999999994,30.200000000000017,0.0022483940042826553,-12.599999999999994,-3.3000000000000114,20.200000000000017,27.49999999999997,55.370799604999945,0,0,0,0,0
1011,2023-05-01,3,5.0,,0,0,0,0,0,0,0,0,0,0,778,658,98.82798187300004,47,0,77,0,0,5.0,9.749999999999986,6.8500000000000085,25.650000000000006,0.0027535924116939194,-15.0,-2.200000000000017,14.5,29.80000000000001,98.82798187300004,0,0,0,0,0
1012,2023-05-01,3,6.0,,0,0,0,0,0,0,0,0,0,0,815,627,81.44546125599999,66,0,138,0,0,7.0,10.0,8.549999999999997,30.0,0.0028845473207333473,-12.0,-1.799999999999983,19.0,31.100000000000023,81.44546125599999,0,0,0,0,0
1013,2023-05-01,3,7.0,,1,0,0,0,1,0,0,0,1,0,564,411,65.23973338500004,59,0,105,0,0,7.700000000000003,10.0,9.099999999999994,32.30000000000001,0.001996177532384795,-11.100000000000023,-4.2000000000000455,21.299999999999983,31.0,65.23973338500004,0,0,0,0,0
1041,2023-05-12,3,5.0,,0,0,0,0,0,0,0,0,0,0,349,336,37.593136918000006,13,0,1,0,0,8.349999999999994,8.199999999999996,8.199999999999996,26.04999999999999,0.0012352233312097401,-9.400000000000006,-2.6000000000000085,19.099999999999994,26.099999999999994,37.593136918000006,0,0,0,0,0
1042,2023-05-12,3,6.0,,0,0,0,0,0,0,0,0,0,0,311,280,29.784592005,25,0,7,0,0,9.25,8.850000000000009,9.500000000000007,29.700000000000003,0.0011007291003043817,-10.299999999999997,-4.200000000000003,23.099999999999994,28.799999999999997,29.784592005,0,0,0,0,0
1043,2023-05-12,3,7.0,,0,0,0,0,0,0,0,0,0,0,260,217,27.080562512000004,32,0,17,0,0,9.949999999999989,9.5,9.599999999999994,31.400000000000006,0.0009202236851419268,-9.700000000000017,-4.100000000000023,23.400000000000006,29.599999999999994,27.080562512000004,0,0,0,0,0
1077,2023-05-31,2,5.0,,633,1,0,0,633,0,1,0,632,0,832,783,78.00832925900006,21,0,29,6,1,5.700000000000003,0.32499999999999996,5.25,13.100000000000009,0.004241868053431222,-10.700000000000003,0.0,1.4000000000000004,21.599999999999994,78.00832925900006,0,36.386940908,1,36.035584226,4
1078,2023-05-31,2,6.0,,393,1,0,0,393,0,1,0,392,0,1427,1380,84.13134381699989,14,0,34,3,0,8.0,1.0999999999999996,1.4499999999999993,4.1,0.007275415519526869,-13.899999999999999,0.0,2.6999999999999993,23.400000000000006,84.13134381699989,0,43.252707641000036,5,10.420484711,25
1079,2023-05-31,2,7.0,,311,299,0,0,311,0,215,84,12,0,363736,344932,17866.003835427753,17834,0,1550,5,246,8.549999999999997,0.125,2.3500000000000005,3.3,1.8544712960130518,-14.7,5.700000000000003,0.5,27.399999999999977,17865.840727776755,6,13680.994386427898,928,6695.694096986065,491
1080,2023-06-02,3,5.0,,205,0,0,0,205,0,0,0,205,0,153230,294,38.06029435399998,152936,0,151768,4,80,5.75,5.25,5.400000000000002,22.400000000000006,0.5423302895165286,-11.299999999999997,-2.6999999999999957,13.200000000000003,22.199999999999996,38.06029435399998,0,0,0,0,0
1081,2023-06-02,3,6.0,,0,0,0,0,0,0,0,0,0,0,291,250,34.45519482400001,26,0,17,0,0,9.199999999999989,8.599999999999994,9.299999999999997,27.399999999999977,0.001029942662985772,-7.299999999999983,-1.299999999999983,19.5,25.19999999999999,34.45519482400001,0,0,0,0,0
1082,2023-06-02,3,7.0,,0,0,0,0,0,0,0,0,0,0,230,144,19.074963909999994,28,0,64,0,0,9.799999999999983,9.75,9.75,32.30000000000001,0.0008140440291640121,-7.899999999999977,-5.699999999999989,24.69999999999999,27.600000000000023,19.074963909999994,0,0,0,0,0
1107,2023-06-13,2,5.0,,376,307,0,0,376,0,295,12,69,0,199091,184470,10777.709500024146,13308,0,1953,2,109,6.0,0.0,1.5000000000000009,2.599999999999998,1.015045375752014,-15.6,2.8000000000000043,0.14999999999999997,24.6,10777.709500024146,0,9855.887170745098,748,8082.205187318004,677
1108,2023-06-13,2,6.0,,327,292,0,0,327,0,257,35,35,0,280446,265811,13992.80371294784,13996,0,1004,1,235,6.599999999999994,0.024999999999999967,2.1999999999999993,3.0999999999999996,1.4298256347506884,-16.800000000000004,4.5,0.19999999999999996,25.699999999999996,13992.79054357084,4,11307.911697694122,1539,7644.960606207006,304
1109,2023-06-13,2,7.0,,167,0,0,0,167,0,0,0,167,0,646,615,77.63187515400011,28,0,5,0,0,7.699999999999989,8.050000000000018,8.04999999999999,28.69999999999999,0.0032935658203324157,-9.799999999999983,-3.1999999999999886,19.400000000000006,25.099999999999994,77.63187515400011,0,0,0,0,0
1137,2023-06-30,3,5.0,,559,1,0,0,559,0,1,0,558,0,665,647,40.83262324599998,8,0,11,0,0,0.9999999999999996,0.8000000000000003,0.8,3.3,0.0023536490408437743,-5.1000000000000005,-0.1999999999999993,1.8000000000000003,6.2,40.83262324599998,0,40.83262324599998,0,35.479593870999985,1
1138,2023-06-30,3,6.0,,220,173,0,0,220,0,125,48,47,0,141191,129067,7084.112826243047,11801,0,710,0,239,3.5500000000000007,0.07499999999999996,1.9999999999999998,3.1999999999999993,0.4997203935725915,-9.4,2.5999999999999996,0.2,19.45,7084.112826243047,0,6755.714315431064,373,3195.721308676032,319
1139,2023-06-30,3,7.0,,0,0,0,0,0,0,0,0,0,0,866,466,25.10178169799997,2,0,400,0,0,9.699999999999989,9.599999999999994,9.700000000000017,34.200000000000045,0.003065052735895802,-11.100000000000023,-4.5,24.30000000000001,29.5,25.10178169799997,0,0,0,0,0
1140,2023-07-03,2,5.0,,116,116,0,0,116,0,36,80,0,0,291198,270702,16541.264952240086,20253,0,288,0,325,6.299999999999997,3.325,3.9,5.5,1.4846436219027226,-19.999999999999996,5.599999999999994,1.1500000000000001,24.699999999999996,16515.261939496064,51,4733.250990226001,1076,653.2474142000003,69
1141,2023-07-03,2,6.0,,0,0,0,0,0,0,0,0,0,0,133,113,27.134128969,20,0,0,0,0,6.999999999999993,7.249999999999993,7.249999999999993,26.099999999999994,0.0006780870806566738,-10.100000000000009,-0.5999999999999943,14.900000000000006,25.700000000000003,27.134128969,0,0,0,0,0
1142,2023-07-03,2,7.0,,0,0,0,0,0,0,0,0,0,0,149,120,24.911215563000006,19,0,11,0,0,8.100000000000001,8.699999999999996,8.099999999999994,27.099999999999994,0.000759661466299582,-9.0,-1.1000000000000085,16.299999999999997,26.700000000000003,24.911215563000006,0,0,0,0,0
1143,2023-07-03,3,5.0,,0,0,0,0,0,0,0,0,0,0,588,472,58.96343274800002,31,0,87,12,0,6.199999999999989,8.800000000000011,9.5,34.69999999999999,0.0020811212571671266,-30.30000000000001,-0.700000000000017,17.599999999999994,49.900000000000034,58.96343274800002,0,0,0,0,0
1144,2023-07-03,3,6.0,,0,0,0,0,0,0,0,0,0,0,588,472,58.96343274800002,31,0,87,12,0,6.199999999999989,8.800000000000011,9.5,34.69999999999999,0.0020811212571671266,-30.30000000000001,-0.700000000000017,17.599999999999994,49.900000000000034,58.96343274800002,0,0,0,0,0
1145,2023-07-03,3,7.0,,0,0,0,0,0,0,0,0,0,0,676,384,48.557777096999935,25,0,269,27,0,8.149999999999991,10.0,9.149999999999984,33.29999999999998,0.0023925815813690098,-32.099999999999966,-2.0,17.5,51.900000000000034,48.557777096999935,0,0,0,0,0
1170,2023-07-17,2,5.0,,602,1,0,0,602,0,1,0,601,0,996,966,80.52334593799993,22,0,9,7,0,5.600000000000001,0.44999999999999996,0.575,5.149999999999999,0.005078005506271031,-11.200000000000003,-0.6000000000000005,1.5999999999999996,22.89999999999999,80.52334593799993,0,39.23266762800007,0,33.56893697400002,14
1171,2023-07-17,2,6.0,,510,1,0,0,510,0,1,0,509,0,1185,1149,81.62904451900002,28,0,11,1,0,6.699999999999996,1.2999999999999998,1.3499999999999996,5.199999999999999,0.006041602936677883,-10.799999999999997,-0.20000000000000018,2.4000000000000004,23.80000000000001,81.62904451900002,0,41.398290162999935,0,12.935287812999993,26
1172,2023-07-17,2,7.0,,568,1,0,0,568,0,1,0,567,0,986,959,81.62287283900002,22,0,12,6,0,5.200000000000003,0.5250000000000004,0.7,5.5,0.005027021515244213,-11.0,-0.5999999999999996,1.7999999999999998,22.5,81.62287283900002,0,39.26471596400003,0,28.64568280700001,22
1173,2023-07-17,3,5.0,,664,33,0,0,664,0,24,9,631,0,346202,314516,17972.701681874776,9839,0,23779,23,129,5.0,10.0,5.849999999999998,7.300000000000004,1.2253203086288667,-17.200000000000003,5.700000000000003,2.099999999999998,30.0,17959.919477810814,54,1919.247737597015,378,411.97628519000136,502
1174,2023-07-17,3,6.0,,550,5,0,0,550,0,1,4,545,0,293089,248708,16619.741464387982,10116,0,35876,8,48,5.1499999999999915,10.0,8.200000000000003,14.5,1.0373363063637007,-39.099999999999994,5.399999999999999,2.900000000000002,50.0,16590.227743298023,50,177.20965963600005,539,0.33933855700000004,2
1175,2023-07-17,3,7.0,,84,0,0,0,84,0,0,0,84,0,1382,1324,114.96659428500014,54,0,11,3,0,1.7000000000000028,7.699999999999996,5.674999999999997,18.200000000000003,0.004891342818715934,-15.5,-0.7000000000000028,7.600000000000001,27.299999999999997,114.96659428500014,0,2.7893030960000003,34,0,0
1200,2023-07-31,2,5.0,,0,0,0,0,0,0,0,0,0,0,773,645,74.84983132599997,21,0,110,0,0,6.549999999999997,9.450000000000003,8.450000000000003,29.69999999999999,0.003941062506372999,-10.599999999999994,-1.0999999999999943,14.099999999999994,29.400000000000006,74.84983132599997,0,0,0,0,0
1201,2023-07-31,2,6.0,,0,0,0,0,0,0,0,0,0,0,709,603,80.45347873299991,19,0,92,0,0,7.849999999999994,9.699999999999989,8.950000000000003,31.30000000000001,0.0036147649638013663,-30.100000000000023,-1.799999999999983,17.69999999999999,49.89999999999998,80.45347873299991,0,0,0,0,0
1202,2023-07-31,2,7.0,,0,0,0,0,0,0,0,0,0,0,800,539,61.659988264999946,26,0,240,6,0,9.300000000000011,9.55000000000004,9.549999999999983,33.59999999999991,0.004078719282145407,-10.700000000000017,-4.099999999999966,22.50000000000003,29.599999999999966,61.659988264999946,0,0,0,0,0
1203,2023-07-31,3,5.0,,0,0,0,0,0,0,0,0,0,0,1226,890,95.55601236400007,32,0,317,0,0,5.699999999999996,10.0,7.200000000000003,26.5,0.004339208607630778,-31.900000000000034,-2.5,15.300000000000011,51.0,95.55601236400007,0,0,0,0,0
1204,2023-07-31,3,6.0,,0,0,0,0,0,0,0,0,0,0,878,674,91.66524746200001,41,0,175,0,0,8.299999999999997,9.800000000000011,9.099999999999994,34.900000000000034,0.003107524598286968,-33.39999999999998,-6.100000000000023,23.099999999999966,53.200000000000045,91.66524746200001,0,0,0,0,0
1205,2023-07-31,3,7.0,,0,0,0,0,0,0,0,0,0,0,851,613,80.93025393899998,59,0,202,0,0,9.150000000000006,9.999999999999943,9.150000000000006,34.80000000000001,0.003011962907906845,-33.89999999999998,-6.0,23.0,52.5,80.93025393899998,0,0,0,0,0
1206,2023-08-01,2,5.0,,0,0,0,0,0,0,0,0,0,0,804,615,65.68996393799992,23,0,174,0,1,7.25,9.950000000000017,7.950000000000003,31.0,0.0040991128785561335,-12.5,0.5999999999999943,18.700000000000017,30.69999999999999,65.68996393799992,0,0,0,0,0
1207,2023-08-01,2,6.0,,0,0,0,0,0,0,0,0,0,0,826,555,58.167853349999994,29,0,255,0,0,7.550000000000011,10.0,8.34999999999998,30.5,0.004211277658815132,-32.799999999999955,-3.6999999999999886,19.30000000000001,52.30000000000001,58.167853349999994,0,0,0,0,0
1208,2023-08-01,2,7.0,,0,0,0,0,0,0,0,0,0,0,732,573,64.80722288500003,28,0,141,2,0,7.299999999999997,7.150000000000006,9.0,29.49999999999997,0.0037320281431630466,-33.19999999999999,-3.1000000000000227,20.5,52.69999999999999,64.80722288500003,0,0,0,0,0
1209,2023-08-01,3,5.0,,1,0,0,0,1,0,0,0,1,0,984,754,102.23936406199988,74,0,164,12,1,3.6999999999999886,9.799999999999983,9.25,34.49999999999997,0.0034826927160755998,-30.400000000000034,-5.600000000000023,9.5,49.60000000000002,102.23936406199988,0,6.5636e-05,1,0,0
1210,2023-08-01,3,6.0,,0,0,0,0,0,0,0,0,0,0,665,390,62.39603728200001,130,0,188,14,0,8.849999999999994,9.250000000000028,8.75,53.099999999999994,0.0023536490408437743,-37.19999999999999,-6.5,23.599999999999966,51.30000000000001,62.39603728200001,0,0,0,0,0
1211,2023-08-01,3,7.0,,0,0,0,0,0,0,0,0,0,0,761,438,64.49979954400006,92,0,279,12,0,9.799999999999955,9.399999999999977,8.924999999999983,102.09999999999991,0.002693423939973101,-131.60000000000002,-18.600000000000023,37.30000000000007,151.60000000000002,64.49979954400006,0,0.206208726,2,0,0
1242,2023-08-15,2,5.0,,0,0,0,0,0,0,0,0,0,0,954,739,70.75061321400004,55,0,165,0,0,6.900000000000006,9.600000000000009,7.650000000000006,22.599999999999994,0.0048638727439583975,-19.5,-0.700000000000017,15.0,38.80000000000001,70.75061321400004,0,0,0,0,0
1243,2023-08-15,2,6.0,,1,0,0,0,1,0,0,0,1,0,261,178,39.04672312599999,41,0,57,0,0,9.199999999999989,9.25,10.0,63.20000000000016,0.0013306821657999388,-190.4000000000001,-16.699999999999932,36.69999999999993,210.0,39.04672312599999,0,0,0,0,0
1244,2023-08-15,2,7.0,,0,0,0,0,0,0,0,0,0,0,631,458,49.670125627,53,0,131,0,0,8.999999999999972,9.750000000000028,9.300000000000011,34.60000000000002,0.003217089833792189,-30.0,-6.300000000000011,24.799999999999955,50.0,49.670125627,0,0,0,0,0
1278,2023-08-30,2,5.0,,743,1,0,0,743,0,1,0,742,0,2628,2596,88.00024014000005,23,0,11,0,2,4.25,0.40000000000000036,0.8000000000000007,2.3000000000000007,0.01339859284184766,-10.0,1.2999999999999972,1.2000000000000002,18.5,88.00024014000005,0,45.76011180000002,9,44.184224167,1
1279,2023-08-30,2,6.0,,45,1,0,0,45,0,1,0,44,0,3421,3402,88.88694530099995,8,0,13,0,0,5.0,1.7000000000000002,1.8499999999999996,3.200000000000001,0.017441623330274294,-18.099999999999998,1.1000000000000085,2.8999999999999986,21.9,88.88694530099995,0,44.98479734400003,6,0.22106923600000003,9
1280,2023-08-30,2,7.0,,0,0,0,0,0,0,0,0,0,0,70888,1218,88.13253984299999,69669,0,68666,14,1,6.75,2.3499999999999943,6.200000000000003,18.09999999999998,0.36141531559090445,-14.099999999999994,0.5999999999999943,8.599999999999994,25.900000000000006,88.13253984299999,0,0.190668643,3,0,0
1281,2023-09-05,2,5.0,,0,0,0,0,0,0,0,0,0,0,814,632,65.00408778100007,26,0,163,0,0,5.699999999999996,9.949999999999989,6.950000000000003,24.05000000000001,0.004150096869582951,-11.100000000000009,-0.5,13.5,28.400000000000034,65.00408778100007,0,0,0,0,0
1282,2023-09-05,2,6.0,,0,0,0,0,0,0,0,0,0,0,738,530,60.16849332899997,47,0,177,1,0,7.650000000000006,10.0,7.799999999999997,22.400000000000006,0.0037626185377791373,-33.400000000000034,-0.5999999999999943,16.0,52.60000000000002,60.16849332899997,0,1.0899448939999998,5,0,0
1283,2023-09-05,2,7.0,,0,0,0,0,0,0,0,0,0,0,850,636,62.84002843799995,24,0,197,0,0,6.050000000000004,10.0,6.399999999999999,17.449999999999996,0.004333639237279494,-11.100000000000023,0.0,12.399999999999991,29.69999999999999,62.84002843799995,0,0,0,0,0
1284,2023-09-05,3,5.0,,0,0,0,0,0,0,0,0,0,0,1654,1391,113.69416846300005,31,0,237,0,0,4.549999999999997,9.799999999999997,7.5,32.99999999999997,0.0058540383662490265,-35.80000000000001,0.7999999999999972,9.199999999999989,47.69999999999999,113.69416846300005,0,0.49691782500000004,1,0,0
1285,2023-09-05,3,6.0,,0,0,0,0,0,0,0,0,0,0,1653,1310,104.42495951099995,31,0,322,0,0,6.549999999999997,10.0,9.299999999999997,35.0,0.0058504990443830965,-30.899999999999977,-0.10000000000002274,11.699999999999989,50.0,104.42495951099995,0,0,0,0,0
1286,2023-09-05,3,7.0,,1,0,0,0,1,0,0,0,1,0,591,402,63.03132687,59,0,156,13,0,10.0,10.0,10.0,88.0,0.002091739222764918,-190.0,-19.600000000000136,38.19999999999993,210.0,63.03132687,0,0.082461702,1,0,0
1305,2023-09-18,2,5.0,,1,0,0,0,1,0,0,0,1,0,423444,405282,20713.20951829585,6776,0,11945,5,70,5.6499999999999915,10.0,5.549999999999997,5.799999999999997,2.158886509635974,-30.0,5.700000000000003,5.5,50.0,15081.678039021985,4031,13.157522349999999,475,0,0
1306,2023-09-18,2,6.0,,0,0,0,0,0,0,0,0,0,0,282019,259348,18767.686123436262,9131,0,14101,948,6,4.050000000000011,10.0,7.150000000000006,10.100000000000009,1.4378454165392067,-31.600000000000023,4.0,7.0,50.0,17780.182865429102,1507,1.55299599,50,0,0
1307,2023-09-18,2,7.0,,0,0,0,0,0,0,0,0,0,0,1063,1041,86.21938765,18,0,6,0,0,8.400000000000006,6.79999999999999,7.400000000000006,19.900000000000006,0.005419598246150709,-8.900000000000006,-0.4000000000000057,14.5,23.900000000000006,86.21938765,0,0,0,0,0
1308,2023-09-18,3,5.0,,1,0,0,0,1,0,0,0,1,0,1932,1654,115.55807131499999,29,0,252,0,1,5.45000000000001,9.950000000000017,5.399999999999999,14.200000000000003,0.0068379698449777026,-11.599999999999994,0.09999999999999432,9.0,29.100000000000023,115.55807131499999,0,0.021303602,2,0,0
1309,2023-09-18,3,6.0,,0,0,0,0,0,0,0,0,0,0,1451,1196,105.41899568899998,38,0,228,0,0,6.8999999999999915,10.0,6.54999999999999,30.799999999999997,0.005135556027465137,-34.10000000000002,-1.0999999999999943,12.400000000000006,52.10000000000002,105.41899568899998,0,0.007173956,2,0,0
1310,2023-09-18,3,7.0,,4,0,0,0,4,0,0,0,4,0,1048,872,86.84779423999979,60,0,134,0,1,8.400000000000006,9.949999999999989,7.650000000000006,25.69999999999999,0.003709209315495151,-33.700000000000045,-2.200000000000017,16.80000000000001,53.60000000000002,86.84779423999979,0,0,0,0,0
1338,2023-09-29,3,5.0,,0,0,0,0,0,0,0,0,0,0,692,545,33.788734215,7,0,145,0,0,9.199999999999989,9.700000000000003,9.450000000000003,31.099999999999966,0.0024492107312238977,-8.799999999999983,-3.3999999999999773,22.0,26.900000000000006,33.788734215,0,0,0,0,0
1339,2023-09-29,3,6.0,,0,0,0,0,0,0,0,0,0,0,596,479,36.312084785000025,9,0,112,0,0,9.699999999999989,9.549999999999997,9.5,31.400000000000006,0.0021094358320945705,-9.599999999999994,-4.0,23.19999999999999,27.899999999999977,36.312084785000025,0,0,0,0,0
1340,2023-09-29,3,7.0,,0,0,0,0,0,0,0,0,0,0,624,406,30.561822218999975,6,0,216,0,0,9.75,9.399999999999977,9.774999999999991,34.50000000000003,0.0022085368443406244,-10.199999999999989,-5.600000000000023,24.69999999999999,29.099999999999966,30.561822218999975,0,0,0,0,0
1341,2023-10-02,2,5.0,,100,0,0,0,100,0,0,0,100,0,1489,1482,87.45424721500008,7,0,2,0,0,4.049999999999997,6.700000000000003,4.549999999999997,12.0,0.007591516263893138,-12.800000000000011,0.5,8.0,25.200000000000017,87.45424721500008,0,0.32777452500000004,9,0,0
1342,2023-10-02,2,6.0,,75,0,0,0,75,0,0,0,75,0,1378,1371,87.33460533599998,6,0,3,0,0,4.5,7.6000000000000085,4.599999999999994,14.200000000000003,0.007025593963495462,-12.400000000000006,-0.5999999999999943,9.599999999999994,25.39999999999999,87.33460533599998,0,0.19250006100000003,11,0,0
1343,2023-10-02,2,7.0,,0,0,0,0,0,0,0,0,0,0,1027,847,63.03935390699998,35,0,156,0,0,9.000000000000014,9.949999999999989,8.449999999999989,29.30000000000001,0.005236055878454165,-9.800000000000011,-2.5999999999999943,19.5,29.400000000000034,63.03935390699998,0,0,0,0,0
1344,2023-10-02,3,5.0,,0,0,0,0,0,0,0,0,0,0,395121,367747,19789.99685707961,7719,0,19998,2,62,4.550000000000004,10.0,7.400000000000002,11.29999999999999,1.3984603949883203,-13.099999999999994,5.1000000000000085,4.899999999999999,30.0,18576.798843040557,1879,2.339044230000001,94,0,0
1345,2023-10-02,3,6.0,,0,0,0,0,0,0,0,0,0,0,1237,1183,107.17679455900002,52,0,4,0,0,7.5,6.600000000000001,6.799999999999997,26.80000000000001,0.004378141148156013,-10.700000000000017,0.20000000000000284,12.900000000000006,27.0,107.17679455900002,0,0,0,0,0
1346,2023-10-02,3,7.0,,2,0,0,0,2,0,0,0,2,0,767,622,92.29917152800002,56,0,94,0,0,7.749999999999986,9.449999999999989,9.200000000000003,32.8,0.002714659871168684,-12.400000000000006,-1.6999999999999886,21.19999999999999,28.899999999999977,92.29917152800002,0,0,0,0,0
1377,2023-10-16,2,5.0,,286,0,0,0,286,0,0,0,286,0,212939,1472,88.7729504829999,211464,0,186247,11,9,5.75,5.299999999999997,6.149999999999999,16.200000000000003,1.0856480065259508,-14.799999999999997,0.5999999999999943,12.400000000000006,26.19999999999999,88.7729504829999,0,0.000179913,2,0,0
1378,2023-10-16,2,6.0,,1,0,0,0,1,0,0,0,1,0,1162,1095,83.47922035199998,36,0,33,3,0,9.099999999999994,8.75,8.5,27.099999999999994,0.005924339757316203,-13.800000000000011,-2.6999999999999886,18.69999999999999,28.80000000000001,83.47922035199998,0,0,0,0,0
1379,2023-10-16,2,7.0,,1,0,0,0,1,0,0,0,1,0,1376,1164,79.04637198299999,31,0,186,3,0,8.549999999999997,9.450000000000003,9.199999999999989,29.80000000000001,0.007015397165290099,-31.900000000000006,-3.0,20.0,48.5,79.04637198299999,0,0,0,0,0
1380,2023-10-16,3,5.0,,3,0,0,0,3,0,0,0,3,0,1698,1667,128.9537726999999,19,0,15,5,0,6.1000000000000085,8.0,6.700000000000003,21.299999999999983,0.006009768528349968,-14.0,-0.5999999999999943,14.300000000000011,29.19999999999999,128.9537726999999,0,0,0,0,0
1381,2023-10-16,3,6.0,,0,0,0,0,0,0,0,0,0,0,1376,1243,107.9855899269999,76,0,64,7,0,8.0,9.0,8.349999999999994,31.099999999999994,0.004870106887520351,-32.900000000000006,-2.0999999999999943,18.599999999999994,49.49999999999997,107.9855899269999,0,0,0,0,0
1382,2023-10-16,3,7.0,,0,0,0,0,0,0,0,0,0,0,1417,1269,110.59776041400005,49,0,105,6,0,8.5,9.149999999999977,8.849999999999994,33.599999999999966,0.005015219084023501,-32.200000000000045,-2.2999999999999545,20.0,49.80000000000001,110.59776041400005,0,0,0,0,0
1413,2023-10-31,2,5.0,,754,0,0,0,754,0,0,0,754,0,1007,916,44.88206552600005,37,0,88,0,0,3.0500000000000007,3.6999999999999957,3.349999999999998,8.799999999999997,0.00513408789640053,-13.5,-0.3999999999999986,7.0,19.099999999999994,44.88206552600005,0,1.0353979830000004,24,0,0
1414,2023-10-31,2,6.0,,464,1,0,0,464,0,1,0,463,0,1024,983,68.84951230099998,26,0,19,0,0,5.8500000000000085,0.07500000000000001,5.400000000000006,14.199999999999974,0.00522076068114612,-10.400000000000006,-0.20000000000001705,0.5499999999999999,22.400000000000006,68.84951230099998,0,24.104306761000007,0,24.091872138000006,0
1415,2023-10-31,2,7.0,,464,1,0,0,464,0,1,0,463,0,980,930,65.34474368099988,29,0,27,0,0,5.300000000000004,0.07500000000000004,5.300000000000008,13.500000000000014,0.004996431120628123,-10.499999999999986,-0.19999999999998863,0.6,20.799999999999997,65.34474368099988,0,19.742013586000006,0,19.742013586000006,0
1416,2023-10-31,3,5.0,,983,2,0,0,983,0,2,0,981,0,1286,1212,80.45389858799996,64,0,22,0,0,3.8999999999999986,0.0,3.700000000000003,9.699999999999989,0.004551567919586607,-11.200000000000003,0.0,0.6499999999999999,20.89999999999999,80.45389858799996,0,36.127260242000006,6,35.723211535000004,2
1417,2023-10-31,3,6.0,,843,2,0,0,843,0,2,0,841,0,1224,1132,91.68630004099988,86,0,9,0,0,4.650000000000006,0.050000000000000044,4.6499999999999915,11.299999999999983,0.004332129963898917,-12.400000000000006,-0.09999999999999432,0.6,20.30000000000001,91.68630004099988,0,47.29881490300005,8,47.026286716000044,3
1418,2023-10-31,3,7.0,,700,2,0,0,700,0,2,0,698,0,2342,2238,101.313783022,86,0,33,0,0,4.5,0.04999999999999993,0.9500000000000002,3.1999999999999993,0.008289091810009202,-11.699999999999989,-0.29999999999999893,0.5499999999999999,22.5,101.313783022,0,65.02231472199998,4,60.78588102500001,51
1419,2023-11-01,2,5.0,,849,2,0,0,849,0,2,0,847,0,864,751,53.72539447899995,101,0,18,0,0,0.6500000000000004,0.04999999999999999,0.5499999999999998,2.5,0.004405016824717039,-7.700000000000001,-0.49999999999999994,0.6,8.7,53.72539447899995,0,53.72539447899995,0,53.614797567999936,3
1420,2023-11-01,2,6.0,,1,0,0,0,1,0,0,0,1,0,1005,540,32.23127028199995,96,0,415,0,0,10.0,8.850000000000023,9.949999999999989,78.79999999999995,0.005123891098195167,-34.10000000000002,-4.0,23.899999999999977,53.89999999999998,32.23127028199995,0,0,0,0,0
1421,2023-11-01,2,7.0,,783,2,0,0,783,0,1,1,781,0,2476,2435,69.5307618399999,29,0,15,0,0,1.4999999999999982,0.12499999999999989,1.75,4.099999999999998,0.012623636178240033,-18.4,0.10000000000000142,0.7,21.599999999999998,69.5307618399999,0,69.5307618399999,0,24.544659858000006,0
1449,2023-11-14,2,5.0,,239,1,0,0,239,0,0,1,238,0,373773,5356,90.1358849759996,368416,0,315565,0,108,2.5500000000000007,4.900000000000002,4.949999999999999,7.399999999999999,1.9056439278066688,-17.3,2.5,4.699999999999996,22.5,90.1358849759996,0,45.13712221299997,9,0,0
1450,2023-11-14,2,6.0,,2,0,0,0,2,0,0,0,2,0,1672,1665,89.97054489899985,6,0,3,0,0,3.299999999999997,7.049999999999997,3.9499999999999993,11.800000000000011,0.0085245232996839,-16.300000000000004,1.2999999999999972,6.699999999999996,24.10000000000001,89.97054489899985,0,0.858433929,17,0,0
1451,2023-11-14,2,7.0,,1,0,0,0,1,0,0,0,1,0,1621,1612,88.5159141810002,9,0,2,0,0,4.899999999999999,7.649999999999999,4.799999999999997,14.399999999999991,0.00826450494544713,-15.300000000000004,1.0,7.799999999999997,26.299999999999997,88.5159141810002,0,0.024786958999999997,8,0,0
1479,2023-11-29,2,5.0,,0,0,0,0,0,0,0,0,0,0,1115,1004,80.34212241400003,36,0,81,0,0,6.700000000000003,9.850000000000009,8.475000000000001,29.99999999999997,0.00568471499949016,-9.800000000000011,0.5,14.800000000000011,28.400000000000006,80.34212241400003,0,0,0,0,0
1480,2023-11-29,2,6.0,,0,0,0,0,0,0,0,0,0,0,1364,1118,71.10003600700003,20,0,231,0,0,8.300000000000011,9.75,9.275000000000006,22.950000000000003,0.0069542163760579175,-10.699999999999989,1.0999999999999943,17.19999999999999,29.19999999999999,71.10003600700003,0,0,0,0,0
1481,2023-11-29,2,7.0,,0,0,0,0,0,0,0,0,0,0,1208,925,68.63380013099999,20,0,265,0,0,7.700000000000003,10.0,9.650000000000034,32.700000000000045,0.006158866116039563,-17.69999999999999,-3.3999999999999773,19.80000000000001,33.099999999999994,68.63380013099999,0,0,0,0,0
1482,2023-12-01,3,5.0,,211,0,0,0,211,0,0,0,211,0,167891,780,44.996890859999986,167111,0,149163,2,11,7.149999999999999,7.700000000000003,7.100000000000001,13.0,0.5942202873929355,-8.700000000000003,1.9000000000000057,12.0,23.30000000000001,44.996890859999986,0,0,0,0,0
1483,2023-12-01,3,6.0,,2,0,0,0,2,0,0,0,2,0,638,614,41.68905864499997,16,0,9,0,1,8.399999999999999,8.849999999999994,8.500000000000007,18.299999999999997,0.0022580873504636514,-8.200000000000003,1.0,15.700000000000003,25.900000000000006,41.68905864499997,0,0,0,0,0
1484,2023-12-01,3,7.0,,0,0,0,0,0,0,0,0,0,0,683,618,40.44028436200002,9,0,57,0,0,7.450000000000003,7.900000000000006,8.599999999999994,23.60000000000001,0.0024173568344305232,-7.5,-1.299999999999983,17.599999999999994,26.099999999999994,40.44028436200002,0,0,0,0,0
1509,2023-12-12,2,5.0,,831,1,0,0,831,0,0,1,830,0,1855,1792,65.99573547,47,0,30,0,2,1.5999999999999979,0.04999999999999993,1.8500000000000014,4.600000000000001,0.00945753033547466,-5.100000000000001,0.1999999999999993,0.75,10.300000000000004,65.99573547,0,65.99573547,0,21.612137071000006,0
1510,2023-12-12,2,6.0,,792,2,0,0,792,0,1,1,790,0,2266,2214,66.58987165200008,50,0,8,0,0,2.549999999999997,0.07500000000000001,2.3000000000000025,5.100000000000001,0.011552972366676864,-11.399999999999999,0.40000000000000213,0.7499999999999999,17.599999999999998,66.58987165200008,0,66.4278287710001,5,22.839919963000003,0
1511,2023-12-12,2,7.0,,515,1,0,0,515,0,1,0,514,0,4739,4705,74.72970873400003,34,0,4,0,0,4.300000000000001,0.3250000000000002,4.050000000000004,6.799999999999997,0.02416131334760885,-11.0,1.6000000000000014,1.0500000000000003,18.800000000000004,74.72970873400003,0,29.40386923999999,6,29.261375887999993,0
1536,2023-12-27,2,5.0,,1,0,0,0,1,0,0,0,1,0,277449,225302,16079.331145916656,9916,0,43948,80,25,3.8999999999999986,9.699999999999989,9.850000000000001,27.400000000000034,1.414545732639951,-15.299999999999997,8.400000000000006,7.199999999999996,30.000000000000014,14288.524034863787,1195,0.15998486300000003,12,0,0
1537,2023-12-27,2,6.0,,0,0,0,0,0,0,0,0,0,0,839,826,85.86759688500021,13,0,2,0,0,4.800000000000001,7.5,5.074999999999999,12.700000000000003,0.004277556847149995,-13.100000000000009,1.7999999999999972,8.399999999999999,24.599999999999994,85.86759688500021,0,0.05113349400000001,8,0,0
1538,2023-12-27,2,7.0,,0,0,0,0,0,0,0,0,0,0,796,644,68.31604128800006,29,0,130,0,0,7.150000000000006,9.299999999999997,7.475000000000005,24.650000000000006,0.004058325685734679,-10.299999999999997,0.0,14.099999999999994,26.599999999999994,68.31604128800006,0,0,0,0,0
1539,2024-01-02,2,5.0,,1,0,0,0,1,0,0,0,1,0,2024,1347,79.93830742199995,75,0,628,0,0,9.25,9.849999999999994,9.650000000000006,32.0,0.010319159783827877,-28.19999999999999,-2.8999999999999773,22.69999999999999,47.30000000000001,79.93830742199995,0,0,0,0,0
1540,2024-01-02,2,6.0,,0,0,0,0,0,0,0,0,0,0,1985,1277,74.53107609799994,95,0,643,0,0,9.900000000000006,9.650000000000006,9.699999999999989,31.800000000000068,0.010120322218823289,-55.69999999999999,-3.5,23.5,62.5,74.53107609799994,0,0.016087347000000002,1,0,0
1541,2024-01-02,2,7.0,,0,0,0,0,0,0,0,0,0,0,1874,1102,70.53851564599985,72,0,741,0,0,9.25,10.0,9.750000000000028,32.19999999999993,0.009554399918425615,-57.900000000000034,-3.400000000000034,23.200000000000045,60.30000000000001,70.53851564599985,0,0.0016756450000000001,2,0,0
1542,2024-01-02,3,5.0,,0,0,0,0,0,0,0,0,0,0,2349,1790,119.40480013899993,72,0,520,0,0,8.75,9.599999999999994,9.599999999999994,32.39999999999998,0.008313867063070716,-30.0,-4.5,23.100000000000023,50.0,119.40480013899993,0,0,0,0,0
1543,2024-01-02,3,6.0,,0,0,0,0,0,0,0,0,0,0,2301,1548,111.99056615599982,104,0,694,0,0,9.800000000000011,9.650000000000006,9.550000000000011,32.599999999999966,0.008143979613506052,-26.899999999999977,-4.199999999999989,23.100000000000023,44.0,111.99056615599982,0,0,0,0,0
1544,2024-01-02,3,7.0,,1,0,0,0,1,0,0,0,1,0,2312,1630,107.78953071600014,92,0,632,0,0,9.599999999999994,9.800000000000011,9.600000000000023,32.60000000000002,0.008182912154031288,-69.80000000000001,-4.800000000000011,23.69999999999999,89.80000000000001,107.78953071600014,0,0,0,0,0
1569,2024-01-19,3,5.0,,623,17,0,0,623,0,17,0,606,0,473,418,53.163300088,52,0,21,0,0,0.07500000000000001,0.1499999999999999,0.10000000000000003,1.7,0.0016740992425851207,-1.1,-0.10000000000000009,0.34999999999999987,1.2999999999999998,53.163300088,0,53.163300088,0,53.163300088,0
1570,2024-01-19,3,6.0,,572,17,0,0,572,0,17,0,555,0,536,453,50.70068663299998,80,0,13,0,1,0.1499999999999999,0.17499999999999993,0.17499999999999993,1.0499999999999998,0.0018970765201387415,-1.15,0.19999999999999996,0.3999999999999999,1.4,50.70068663299998,0,50.70068663299998,0,50.70068663299998,0
1571,2024-01-19,3,7.0,,528,17,0,0,528,0,17,0,511,0,828,748,65.44156953199997,80,0,5,0,0,0.2749999999999999,0.375,0.27499999999999997,1.0500000000000003,0.0029305585049904438,-1.25,0.0,0.4999999999999998,1.7000000000000002,65.44156953199997,0,65.44156953199997,0,65.44156953199997,0
1602,2024-01-31,2,5.0,,312,14,0,0,312,0,14,0,298,0,3336,3233,128.56235933100004,38,0,81,14,3,5.450000000000003,0.5,1.6999999999999993,4.599999999999998,0.017008259406546343,-18.2,0.40000000000000036,0.6000000000000001,22.900000000000006,128.56235933100004,0,83.950964528,4,39.83912019999992,2
1603,2024-01-31,2,6.0,,379,14,0,0,379,0,11,3,365,0,254496,7453,131.08512263799977,247021,0,174826,9,60,6.800000000000011,1.8000000000000007,3.75,7.0,1.2975221780360966,-20.0,2.1000000000000014,1.9000000000000004,27.900000000000006,131.08512263799977,0,45.87950134299998,56,22.25470778300002,19
1604,2024-01-31,2,7.0,,158,0,0,0,158,0,0,0,158,0,1729,1404,109.72434297000002,46,0,293,0,1,8.849999999999966,8.649999999999999,8.799999999999997,24.700000000000017,0.00881513204853676,-21.19999999999999,3.5999999999999943,9.900000000000006,40.39999999999998,107.94597154700004,2,0,0,0,0
1605,2024-02-02,3,5.0,,686,8,0,0,686,0,6,2,678,0,1111,1062,54.848142731,28,0,29,0,1,0.6499999999999999,2.450000000000001,0.7000000000000006,2.3999999999999995,0.003932186593048772,-18.0,1.3000000000000007,1.4000000000000004,18.0,54.848142731,0,54.806322628000004,2,47.69859998599997,2
1606,2024-02-02,3,6.0,,615,6,0,0,615,0,4,2,609,0,2020,1936,56.89707521999981,9,0,76,0,1,1.1,3.4000000000000004,1.1499999999999995,3.3,0.007149430169179585,-12.05,2.1000000000000014,2.0999999999999996,14.0,56.89707521999981,0,52.58231055399985,6,44.05667130099994,35
1607,2024-02-02,3,7.0,,372,1,0,0,372,0,0,1,371,0,3973,3949,57.58831830000001,8,0,20,1,1,2.5,5.899999999999995,2.700000000000001,5.400000000000002,0.014061725773341827,-17.299999999999997,3.299999999999997,4.099999999999998,22.60000000000001,56.68971031700002,4,43.81445656399999,47,0,0
1632,2024-02-13,2,5.0,,847,14,0,0,847,0,13,1,833,0,1309,1240,87.09286443299997,60,0,13,0,0,1.75,0.6000000000000001,1.7500000000000018,4.599999999999996,0.0066738044254104215,-10.0,0.3000000000000007,0.8999999999999999,12.5,87.09286443299997,0,86.91339118499997,4,48.13929051000002,0
1633,2024-02-13,2,6.0,,553,13,0,0,553,0,11,2,540,0,2054,1985,109.02859586000017,62,0,20,0,0,2.75,1.5499999999999998,2.0,3.799999999999999,0.01047211175690833,-10.95,0.8000000000000007,1.8000000000000007,15.100000000000001,109.02859586000017,0,97.32760184700017,58,55.18408697599993,12
1634,2024-02-13,2,7.0,,0,0,0,0,0,0,0,0,0,0,1207,1131,105.39729924699988,43,0,50,0,0,8.5,9.850000000000009,8.299999999999997,21.099999999999966,0.0061537677169368815,-9.5,1.5999999999999943,15.099999999999994,27.5,105.39729924699988,0,0,0,0,0
1659,2024-02-28,2,5.0,,461,18,0,0,461,0,17,1,443,0,3428,3312,126.24593781399976,59,0,64,0,1,2.799999999999997,0.19999999999999996,1.0500000000000007,2.8999999999999986,0.017477312123993068,-19.95,0.29999999999999716,0.3500000000000001,20.4,126.24593781399976,0,115.89444095799972,95,80.91698682799995,10
1660,2024-02-28,2,6.0,,331,309,0,0,331,0,304,5,22,0,419270,403880,11566.844246310864,12905,0,3640,0,291,5.599999999999994,0.0,2.3500000000000005,2.4999999999999964,2.1376057917813807,-19.1,4.200000000000003,0.09999999999999998,30.4,11566.839314409865,4,9711.809884943978,1415,8436.472858737063,1182
1661,2024-02-28,2,7.0,,293,280,0,0,293,0,269,11,13,0,566459,551488,14095.021540198266,13000,0,3849,0,457,7.150000000000006,0.0,3.299999999999999,2.8999999999999915,2.888034057306006,-43.5,5.0,0.04999999999999993,48.5,13433.905940382276,2554,10236.036140298058,2859,8576.830029695127,353
1662,2024-03-01,3,5.0,,673,13,0,0,673,0,13,0,660,0,910,841,63.35006412700001,69,0,3,0,4,0.3500000000000003,0.30000000000000004,0.44999999999999996,1.85,0.003220782897996744,-1.1,0.20000000000000018,0.5999999999999999,1.9500000000000002,63.35006412700001,0,63.35006412700001,0,63.35006412700001,0
1663,2024-03-01,3,6.0,,612,13,0,0,612,0,13,0,599,0,1537,1473,71.08172675600007,64,0,10,0,0,0.8500000000000001,0.8000000000000003,0.8500000000000001,2.500000000000001,0.00543993770793516,-1.0999999999999996,0.5,1.0999999999999996,3.3999999999999995,71.08172675600007,0,71.08172675600007,0,70.99195213000007,2
1664,2024-03-01,3,7.0,,561,13,0,0,561,0,12,1,548,0,2921,2886,77.88637284000013,34,0,3,0,1,1.5499999999999998,2.000000000000001,1.8499999999999996,2.299999999999999,0.010338359170382954,-14.6,1.4000000000000004,2.4000000000000004,18.15,77.88637284000013,0,77.80254758700013,5,26.78402153800001,12
1689,2024-03-12,2,5.0,,0,0,0,0,0,0,0,0,0,0,481951,427364,18574.59961252805,9260,0,46177,14,17,4.799999999999997,10.0,8.550000000000011,18.10000000000001,2.457178545936576,-33.0,4.5,5.5,48.80000000000001,18538.306452720084,96,2.2214066389999996,91,0,0
1690,2024-03-12,2,6.0,,0,0,0,0,0,0,0,0,0,0,4737,4692,118.69849854300013,41,0,25,0,1,4.799999999999997,8.400000000000006,5.149999999999999,12.400000000000006,0.024151116549403488,-11.799999999999997,3.0,8.400000000000006,26.30000000000001,118.69849854300013,0,0.142035899,4,0,0
1691,2024-03-12,2,7.0,,0,0,0,0,0,0,0,0,0,0,4280,4178,118.31113895000003,64,0,70,0,0,5.550000000000004,8.850000000000009,5.800000000000004,13.600000000000009,0.021821148159477922,-11.300000000000011,2.3000000000000114,9.300000000000011,26.80000000000001,118.31113895000003,0,0.035940058,2,0,0
1719,2024-03-26,2,5.0,,1,0,0,0,1,0,0,0,1,0,1711,1622,121.50885530100005,84,0,33,0,0,5.25,8.450000000000003,7.649999999999999,13.0,0.008723360864688489,-12.599999999999994,3.700000000000003,9.600000000000009,27.60000000000001,110.4242086400001,6,0.010193035,2,0,0
1720,2024-03-26,2,6.0,,0,0,0,0,0,0,0,0,0,0,1440,1183,98.90967546900016,104,0,184,0,0,7.299999999999997,9.349999999999994,9.25,28.400000000000034,0.007341694707861731,-10.599999999999994,-0.9000000000000057,14.999999999999986,30.0,98.90967546900016,0,0,0,0,0
1721,2024-03-26,2,7.0,,0,0,0,0,0,0,0,0,0,0,1922,1559,105.11138637500011,76,0,324,0,0,7.699999999999989,10.0,9.25,29.399999999999977,0.009799123075354339,-10.5,-1.4000000000000057,16.69999999999999,30.0,105.11138637500011,0,0,0,0,0
1722,2024-04-01,2,5.0,,0,0,0,0,0,0,0,0,0,0,2533,1947,92.29247454800038,75,0,555,0,0,9.400000000000006,9.700000000000003,9.799999999999983,32.30000000000001,0.012914244927092892,-32.80000000000001,-1.9000000000000057,21.299999999999983,50.0,92.29247454800038,0,0,0,0,0
1723,2024-04-01,2,6.0,,1,0,0,0,1,0,0,0,1,0,2981,1813,116.1423040690001,67,0,1143,0,0,8.400000000000006,8.100000000000001,9.050000000000011,29.899999999999977,0.01519832772509432,-32.30000000000001,3.0,13.900000000000006,49.80000000000001,116.1423040690001,0,0,0,0,0
1724,2024-04-01,2,7.0,,0,0,0,0,0,0,0,0,0,0,2118,1062,77.05050735200003,233,0,1019,0,0,9.700000000000017,9.049999999999997,9.699999999999989,32.10000000000008,0.010798409299479964,-30.100000000000023,-3.700000000000017,22.799999999999983,49.900000000000034,77.05050735200003,0,0,0,0,0
1725,2024-04-01,3,5.0,,9,9,0,0,9,0,0,9,0,0,656581,611564,20830.963592637334,5985,0,39413,10,304,7.949999999999989,10.0,5.699999999999999,4.200000000000003,2.3238514900545058,-80.0,6.300000000000011,3.099999999999998,90.0,11793.522880104523,2242,585.3724883909983,634,0,0
1726,2024-04-01,3,6.0,,1,0,0,0,1,0,0,0,1,0,209306,2298,136.97686950700023,206892,0,173314,2,5,8.549999999999983,7.700000000000003,6.699999999999996,13.499999999999993,0.7408013024704466,-11.800000000000004,3.9000000000000057,9.5,29.0,121.18341310300035,5,0.43156026200000003,4,0,0
1727,2024-04-01,3,7.0,,0,0,0,0,0,0,0,0,0,0,2278,2010,135.24570850600008,91,0,209,0,0,9.0,9.700000000000003,8.799999999999997,23.4,0.00806257521058965,-10.399999999999977,3.9000000000000057,13.5,29.400000000000034,134.16352452400014,1,0,0,0,0
1758,2024-04-15,2,5.0,,0,0,0,0,0,0,0,0,0,0,2262,1497,72.40286039499995,90,0,719,0,0,9.150000000000034,9.250000000000057,9.549999999999983,34.30000000000001,0.011532578770266137,-26.399999999999977,-3.1000000000000227,23.099999999999966,45.799999999999955,72.40286039499995,0,0,0,0,0
1759,2024-04-15,2,6.0,,1,0,0,0,1,0,0,0,1,0,1524,897,59.574070767000045,41,0,606,0,0,9.699999999999989,8.89999999999992,9.550000000000011,34.700000000000045,0.0077699602324869995,-68.09999999999997,-5.5,23.5,86.5,59.574070767000045,0,0,0,0,0
1760,2024-04-15,2,7.0,,0,0,0,0,0,0,0,0,0,0,1870,939,48.60886603399999,44,0,923,0,0,9.000000000000057,10.0,9.599999999999966,35.299999999999955,0.009534006322014888,-67.70000000000005,-5.0,24.299999999999955,87.5,48.60886603399999,0,0,0,0,0
1761,2024-04-15,3,5.0,,1,0,0,0,1,0,0,0,1,0,2285,1651,120.81398374000005,50,0,605,0,0,9.399999999999977,7.349999999999966,9.399999999999977,33.5,0.008087350463651164,-69.89999999999998,-4.399999999999977,22.899999999999977,89.79999999999995,120.81398374000005,0,0,0,0,0
1762,2024-04-15,3,6.0,,2,0,0,0,2,0,0,0,2,0,2537,1609,110.17726709699994,54,0,895,0,0,8.599999999999966,9.75,9.550000000000011,34.90000000000009,0.008979259573865648,-69.89999999999998,-4.5,23.700000000000045,89.89999999999998,110.17726709699994,0,0,0,0,0
1763,2024-04-15,3,7.0,,2,0,0,0,2,0,0,0,2,0,2692,1580,103.53937979699977,81,0,1073,0,0,8.899999999999977,9.0,9.599999999999966,35.30000000000007,0.009527854463084873,-70.0,-4.600000000000023,23.0,89.0,103.53937979699977,0,0,0,0,0
1794,2024-04-30,2,5.0,,2,0,0,0,2,0,0,0,2,0,2070,1569,103.67817978800018,45,0,473,0,1,8.650000000000006,10.0,9.599999999999994,30.599999999999966,0.01055368614255124,-31.30000000000001,-1.6999999999999886,19.900000000000034,49.89999999999998,103.67817978800018,0,0,0,0,0
1795,2024-04-30,2,6.0,,1,0,0,0,1,0,0,0,1,0,1890,1376,83.32217886000008,36,0,492,0,0,9.5,9.749999999999972,9.699999999999989,32.10000000000002,0.009635974304068522,-10.900000000000034,-4.0,23.100000000000023,29.80000000000001,83.32217886000008,0,0,0,0,0
1796,2024-04-30,2,7.0,,2,0,0,0,2,0,0,0,2,0,1664,939,62.605119680999955,49,0,701,0,0,9.599999999999994,9.850000000000023,9.599999999999966,32.89999999999998,0.008483736106862445,-19.099999999999966,-4.5,23.200000000000045,37.400000000000034,62.605119680999955,0,0,0,0,0
1797,2024-04-30,3,5.0,,350,7,0,0,350,0,0,7,343,0,2575,2497,143.66073680000008,60,0,22,0,2,8.099999999999994,3.200000000000003,3.2499999999999964,9.200000000000003,0.009113753804771006,-17.6,1.5,3.1000000000000014,27.900000000000034,143.66073680000008,0,53.03743661899994,48,0,0
1798,2024-04-30,3,6.0,,285,278,0,0,285,0,235,43,7,0,793387,785839,21896.805690099365,6323,0,1515,5,188,8.25,0.02500000000000001,2.4499999999999993,2.400000000000002,2.808051957244992,-50.9,4.799999999999997,0.24999999999999994,54.9,21876.048992113392,108,15729.558815073577,2909,10394.299819307875,954
1799,2024-04-30,3,7.0,,2,0,0,0,2,0,0,0,2,0,2277,2106,142.51660642900012,46,0,140,0,0,8.900000000000034,8.349999999999994,8.149999999999999,27.55000000000002,0.00805903588872372,-13.200000000000003,2.4000000000000057,9.599999999999994,30.100000000000023,142.51660642900012,0,0,0,0,0
1800,2024-05-01,2,5.0,,491,9,0,0,491,0,9,0,482,0,1557,1474,91.87570877899999,64,0,24,0,0,4.0,0.04999999999999993,3.5,8.700000000000003,0.007938207402875498,-12.5,0.7000000000000028,0.30000000000000004,20.799999999999997,91.87570877899999,0,47.743069155,12,47.28551311400002,0
1801,2024-05-01,2,6.0,,402,11,0,0,402,0,11,0,391,0,1923,1865,100.395210688,50,0,30,0,0,4.850000000000001,0.3250000000000002,4.5,10.100000000000009,0.00980422147445702,-12.299999999999997,1.5,0.5,21.799999999999997,100.395210688,0,55.39278387999998,2,55.363895785999986,0
1802,2024-05-01,2,7.0,,375,11,0,0,375,0,10,1,364,0,2278,2152,108.72627013300001,32,0,102,0,1,7.0,1.25,1.2499999999999991,5.300000000000001,0.011614153155909045,-18.6,0.10000000000000142,1.200000000000001,25.30000000000001,108.72627013300001,0,65.8789870190001,5,14.575335654,1
1830,2024-05-14,2,5.0,,786,15,0,0,786,0,14,1,771,0,1014,887,82.447240806,97,0,54,3,0,2.599999999999998,0.0,2.3500000000000014,6.299999999999997,0.005169776690119303,-14.700000000000003,-0.19999999999999996,0.30000000000000004,21.5,82.447240806,0,82.124993799,13,38.387596500000015,0
1831,2024-05-14,2,6.0,,738,16,0,0,738,0,16,0,722,0,1209,1096,99.61325575499998,103,0,37,0,0,3.1000000000000014,0.25,0.2250000000000001,1.9,0.006163964515142245,-13.0,0.10000000000000142,0.35,20.5,99.61325575499998,0,57.63120977799998,6,57.429386234999974,0
1832,2024-05-14,2,7.0,,676,19,0,0,676,0,19,0,657,0,1631,1562,116.74039454399981,68,0,16,0,2,4.750000000000007,5.551115123125783e-17,0.5500000000000003,2.3000000000000007,0.008315488936473946,-11.399999999999991,0.5999999999999943,0.19999999999999996,21.200000000000003,116.74039454399981,0,74.535430586,0,74.535430586,0
1860,2024-05-31,3,5.0,,83,4,0,0,83,0,3,1,79,0,1048,1014,49.86444446600003,27,0,29,0,2,1.5,5.350000000000001,1.6999999999999993,4.0,0.003709209315495151,-18.5,0.40000000000000036,2.6999999999999993,23.200000000000003,49.86444446600003,0,47.635323907000014,11,3.122940528,7
1861,2024-05-31,3,6.0,,1,0,0,0,1,0,0,0,1,0,297535,794,51.82817295200002,296704,0,272125,11,68,4.7500000000000036,5.5,4.949999999999999,8.700000000000003,1.0530721313796276,-14.500000000000007,1.8999999999999986,7.599999999999994,26.3,51.82817295200002,0,0.6454247710000003,6,0,0
1862,2024-05-31,3,7.0,,1,1,0,0,1,0,0,1,0,0,565362,505645,17984.64291230324,8058,0,52747,24,46,5.300000000000001,10.0,9.049999999999997,21.5,2.0009980887661922,-22.600000000000023,6.0,5.299999999999997,41.5,17415.447281427176,831,12.920743565000004,338,0,0
1863,2024-06-03,2,5.0,,381,13,0,0,381,0,4,9,368,0,3246,3121,119.38103479400002,31,0,104,4,3,6.3500000000000085,1.4,2.200000000000001,4.699999999999999,0.016549403487304985,-18.0,1.3999999999999986,1.5,24.599999999999994,119.38103479400002,0,75.92470351700003,5,13.488560980000004,0
1864,2024-06-03,2,6.0,,317,4,0,0,317,0,2,2,313,0,182721,3203,120.73214532499965,179509,0,123790,0,82,7.0,1.0000000000000009,3.6999999999999993,7.0,0.9315845824411135,-13.399999999999999,2.799999999999997,2.8999999999999986,27.6,120.73214532499965,0,16.719075103,29,3.6351581950000003,5
1865,2024-06-03,2,7.0,,309,305,0,0,309,0,301,4,4,0,421444,408529,15866.01240692613,12164,0,970,17,302,7.650000000000006,0.0,1.8999999999999995,1.9000000000000004,2.148689711430611,-19.900000000000006,4.300000000000004,0.09999999999999998,28.10000000000001,15808.503011122091,216,12510.176307643844,1227,11696.226252672044,792
1866,2024-06-03,3,5.0,,775,10,0,0,775,0,9,1,765,0,1925,1860,132.87193321699996,62,0,14,0,0,5.499999999999986,0.1250000000000001,2.75,7.0,0.006813194591916189,-14.0,0.10000000000000142,0.40000000000000013,23.600000000000023,132.87193321699996,0,90.40048473399999,38,49.69325339999998,0
1867,2024-06-03,3,6.0,,695,9,0,0,695,0,9,0,686,0,2381,2315,141.71417464099997,66,0,14,0,1,6.650000000000006,0.20000000000000018,3.650000000000002,8.699999999999996,0.008427125362780492,-13.5,0.8999999999999986,0.44999999999999996,24.799999999999983,141.71417464099997,0,54.17344960899996,14,53.935095398999955,0
1868,2024-06-03,3,7.0,,494,9,0,0,494,0,9,0,485,0,3374,3276,151.8582895120003,55,0,53,0,1,8.700000000000017,1.25,2.0999999999999996,3.8000000000000007,0.011941671975649465,-13.700000000000001,1.1999999999999993,1.5999999999999996,28.30000000000001,151.8582895120003,0,67.91535980099992,16,45.48652201299999,24
1896,2024-06-14,3,5.0,,370,13,0,0,370,0,12,1,357,0,1909,1873,77.41918172099993,33,0,4,1,0,2.049999999999999,1.5,1.799999999999999,2.200000000000001,0.006756565442061301,-17.900000000000002,1.1999999999999993,2.1999999999999993,22.1,77.41918172099993,0,77.41918172099993,0,25.89070539800001,6
1897,2024-06-14,3,6.0,,331,13,0,0,331,0,6,7,318,0,2290,2251,80.0595219089998,35,0,16,2,2,2.1500000000000004,1.8499999999999988,2.200000000000001,2.5000000000000036,0.008105047072980816,-9.0,1.6000000000000014,2.3000000000000007,13.7,80.0595219089998,0,79.97544111499982,1,14.227312159000004,6
1898,2024-06-14,3,7.0,,290,244,0,0,290,0,213,31,46,0,546121,535064,15055.845633456129,9942,0,2200,3,337,4.950000000000003,0.024999999999999967,2.8500000000000014,2.4000000000000004,1.9328979967438238,-17.55,5.200000000000003,0.20000000000000018,25.0,13294.35286412826,2093,9312.974639116108,708,5814.776118226949,366
1923,2024-06-28,3,5.0,,59,0,0,0,59,0,0,0,59,0,1014,968,57.08088326899998,34,0,37,7,0,7.700000000000003,9.5,7.899999999999999,19.39999999999999,0.0035888723720535146,-11.0,1.5,15.199999999999989,30.0,57.08088326899998,0,0,0,0,0
1924,2024-06-28,3,6.0,,33,0,0,0,33,0,0,0,33,0,1254,1120,57.704149605,75,0,133,0,0,8.799999999999983,10.0,8.900000000000006,24.69999999999999,0.004438309619876832,-30.0,-0.9000000000000057,17.299999999999983,40.0,57.704149605,0,0,0,0,0
1925,2024-06-28,3,7.0,,1,0,0,0,1,0,0,0,1,0,1429,1157,57.82268269300007,10,0,270,0,0,9.0,10.0,9.649999999999991,31.599999999999994,0.005057690946414667,-31.400000000000034,-3.4000000000000057,21.30000000000001,50.00000000000003,57.82268269300007,0,0,0,0,0
1956,2024-07-15,2,5.0,,21,0,0,0,21,0,0,0,21,0,1963,1641,90.03125137000008,27,0,308,0,2,4.799999999999997,9.650000000000006,4.849999999999994,21.200000000000003,0.010008157438564291,-30.0,0.7999999999999972,8.100000000000009,50.0,90.03125137000008,0,0.048781833,10,0,0
1957,2024-07-15,2,6.0,,4,0,0,0,4,0,0,0,4,0,1876,1472,81.27983466599989,30,0,391,0,0,5.549999999999997,10.0,5.850000000000001,17.6,0.009564596716630978,-80.0,0.29999999999999716,10.599999999999994,80.0,81.27983466599989,0,0.188076324,1,0,0
1958,2024-07-15,2,7.0,,0,0,0,0,0,0,0,0,0,0,1585,1124,78.96607448999976,57,0,433,1,0,7.5,9.550000000000011,9.099999999999994,31.650000000000034,0.008080962577750586,-70.0,-0.6999999999999886,15.5,90.0,78.96607448999976,0,0,0,0,0
1959,2024-07-15,3,5.0,,0,0,0,0,0,0,0,0,0,0,2489,2049,115.60749831200003,38,0,421,15,1,5.400000000000006,9.449999999999989,9.050000000000011,31.69999999999999,0.008809372124300984,-72.0,0.4000000000000057,10.599999999999994,90.0,115.60749831200003,0,0.00014135,1,0,0
1960,2024-07-15,3,6.0,,1,0,0,0,1,0,0,0,1,0,2495,1968,110.43385052199994,36,0,507,15,1,5.349999999999994,9.600000000000023,9.099999999999994,31.89999999999992,0.008830608055496568,-72.0,0.4000000000000057,11.0,90.0,110.43385052199994,0,0.08340372599999998,2,0,0
1961,2024-07-15,3,7.0,,2,0,0,0,2,0,0,0,2,0,2073,1463,100.22352299900008,66,0,568,12,0,6.499999999999986,9.650000000000034,9.449999999999989,32.299999999999955,0.007337014228073901,-72.0,-3.9000000000000057,16.5,90.0,100.22352299900008,0,0,0,0,0
1998,2024-07-31,2,5.0,,27,0,0,0,27,0,0,0,27,0,1781,1246,99.65902587500013,32,0,526,43,0,3.700000000000003,9.949999999999989,9.5,32.05000000000001,0.00908024880187621,-70.5,-0.5999999999999943,7.800000000000011,90.0,99.65902587500013,0,1.146571152,17,0,0
1999,2024-07-31,2,6.0,,4,0,0,0,4,0,0,0,4,0,1699,1280,102.3022607209999,18,0,415,26,0,4.8999999999999915,10.0,9.5,32.200000000000045,0.008662180075456306,-196.0,0.09999999999999432,10.199999999999989,210.0,102.3022607209999,0,0.005097794,1,0,0
2000,2024-07-31,2,7.0,,2,0,0,0,2,0,0,0,2,0,1681,1139,89.24515563600002,28,0,537,25,0,4.800000000000011,9.75,9.149999999999977,32.10000000000002,0.008570408891608036,-193.0,0.20000000000001705,9.400000000000006,210.0,89.24515563600002,0,0.28382149,3,0,0
2025,2024-08-16,3,5.0,,507,9,0,0,507,0,2,7,498,0,1490,1464,62.39932636899999,19,0,12,0,0,2.5000000000000018,2.0500000000000007,2.4499999999999993,5.100000000000001,0.005273589580236427,-13.200000000000003,1.7000000000000028,3.0,19.700000000000003,62.39932636899999,0,61.600615395,26,0.014444635,1
2026,2024-08-16,3,6.0,,661,9,0,0,661,0,9,0,652,0,1895,1879,64.22827157499998,12,0,6,0,0,1.1500000000000004,0.7999999999999998,1.2499999999999991,3.400000000000002,0.006707014935938275,-15.2,0.40000000000000036,1.3999999999999995,18.200000000000003,64.22827157499998,0,64.22564458399998,2,39.84528188899999,25
2027,2024-08-16,3,7.0,,194,0,0,0,194,0,0,0,194,0,211036,1029,62.987666417000064,210006,0,182820,1,105,5.100000000000001,5.2499999999999964,5.400000000000002,8.400000000000006,0.7469243292985064,-12.199999999999989,3.799999999999997,7.200000000000003,24.200000000000003,54.09764577200003,17,0.035292693,1,0,0
2058,2024-08-28,2,5.0,,2,0,0,0,2,0,0,0,2,0,2020,1745,99.84944877999992,41,0,250,7,0,8.5,9.399999999999991,8.599999999999994,34.5,0.01029876618741715,-33.5,-1.5999999999999943,18.099999999999994,49.400000000000034,99.84944877999992,0,0,0,0,0
2059,2024-08-28,2,6.0,,2,0,0,0,2,0,0,0,2,0,1206,751,53.513825409,124,0,406,3,0,9.399999999999977,9.849999999999994,8.949999999999989,69.10000000000002,0.0061486693178342,-70.90000000000003,-9.899999999999977,29.899999999999977,89.40000000000003,53.513825409,0,0.055831472,3,0,0
2060,2024-08-28,2,7.0,,1,0,0,0,1,0,0,0,1,0,1756,1400,76.31788938600018,39,0,336,9,0,9.599999999999994,9.900000000000006,8.949999999999989,34.200000000000045,0.008952788824309168,-32.69999999999999,-2.0,20.599999999999966,50.0,76.31788938600018,0,0.5003132600000001,6,0,0
2061,2024-09-03,2,5.0,,1,0,0,0,1,0,0,0,1,0,868,468,53.227028608000005,75,0,372,3,0,9.399999999999977,9.699999999999989,9.799999999999955,128.70000000000005,0.004425410421127766,-70.29999999999995,-9.300000000000011,29.19999999999999,90.0,53.227028608000005,0,0,0,0,0
2062,2024-09-03,2,6.0,,0,0,0,0,0,0,0,0,0,0,667,327,45.06450294,83,0,304,4,1,9.899999999999977,9.950000000000017,9.75,129.39999999999998,0.0034006322014887326,-70.20000000000005,-17.19999999999999,36.39999999999998,90.0,45.06450294,0,0,0,0,0
2063,2024-09-03,2,7.0,,0,0,0,0,0,0,0,0,0,0,635,346,49.691782174999936,50,0,274,9,0,9.899999999999977,9.600000000000023,9.800000000000011,130.60000000000008,0.0032374834302029165,-74.29999999999995,-34.09999999999991,52.09999999999991,90.0,49.691782174999936,0,0.00427606,1,0,0
2064,2024-09-03,3,5.0,,2,0,0,0,2,0,0,0,2,0,959,561,64.73680126299995,147,0,341,23,0,8.0,9.899999999999977,9.449999999999989,131.10000000000002,0.003394209669427338,-71.60000000000002,-34.200000000000045,51.80000000000007,90.0,64.73680126299995,0,0,0,0,0
2065,2024-09-03,3,6.0,,2,0,0,0,2,0,0,0,2,0,868,620,72.95985538999994,39,0,224,15,0,9.400000000000091,10.0,9.650000000000034,131.30000000000007,0.003072131379627663,-80.89999999999998,-34.0,53.40000000000009,100.89999999999998,72.95985538999994,0,0,0,0,0
2066,2024-09-03,3,7.0,,1,0,0,0,1,0,0,0,1,0,776,507,57.82132393900001,70,0,240,29,0,9.699999999999932,10.0,9.399999999999977,131.19999999999993,0.0027465137679620584,-200.0,-30.800000000000068,49.200000000000045,200.0,57.82132393900001,0,12.727514273999999,0,0,0
2091,2024-09-16,2,5.0,,64,0,0,0,64,0,0,0,64,0,340307,1390,97.38489692199985,338913,0,278743,98,82,3.5,2.75,3.8999999999999986,8.5,1.735020903436321,-30.599999999999994,2.700000000000003,5.799999999999997,41.39999999999999,97.38489692199985,0,4.726533734000001,43,0,0
2092,2024-09-16,2,6.0,,2,0,0,0,2,0,0,0,2,0,1157,1140,95.98172328399995,13,0,8,3,0,4.700000000000003,6.0,5.349999999999994,11.900000000000006,0.005898847761802794,-30.299999999999983,3.5999999999999943,8.599999999999994,41.70000000000002,94.83178420199995,1,0.069296927,10,0,0
2093,2024-09-16,2,7.0,,1,0,0,0,1,0,0,0,1,0,1277,1258,95.84558501499987,10,0,14,5,0,5.1499999999999915,6.599999999999994,5.900000000000006,13.799999999999983,0.006510655654124605,-33.5,3.1000000000000227,9.900000000000006,38.5,95.68469734499988,1,0.554557661,8,0,0
2094,2024-09-16,3,5.0,,387,14,0,0,387,0,13,1,373,0,2338,2199,160.51284130299987,87,0,75,5,3,3.5999999999999943,0.19999999999999973,2.6499999999999915,8.600000000000009,0.00827493452254548,-18.0,0.19999999999998863,0.5,24.400000000000006,160.51284130299987,0,71.84538279500002,13,69.100723188,0
2095,2024-09-16,3,6.0,,331,2,0,0,331,0,0,2,329,0,327642,2287,163.34378600400018,325323,0,275507,26,139,7.0,1.75,4.300000000000004,9.600000000000009,1.159630494797197,-33.10000000000002,2.9000000000000057,3.0999999999999943,47.599999999999966,163.34378600400018,0,9.771157180000005,26,0,0
2096,2024-09-16,3,7.0,,395,14,0,0,395,0,13,1,381,0,2993,2911,176.02675695600004,29,0,61,6,0,5.1000000000000085,0.44999999999999973,1.1999999999999993,4.5,0.01059319034472995,-20.0,0.6000000000000014,1.0999999999999996,26.19999999999999,176.02675695600004,0,87.80538401299985,18,54.33144287400003,23
2127,2024-10-01,2,5.0,,1,0,0,0,1,0,0,0,1,0,1815,1272,97.23122525500015,69,0,509,4,0,9.199999999999989,9.950000000000017,9.650000000000006,65.65,0.00925359437136739,-32.0,-3.5999999999999943,23.099999999999994,50.0,97.23122525500015,0,0.093853934,4,0,0
2128,2024-10-01,2,6.0,,1,0,0,0,1,0,0,0,1,0,1036,626,48.152822406999995,73,0,392,0,0,8.599999999999994,8.849999999999994,9.899999999999977,69.79999999999998,0.0052819414703783015,-66.69999999999999,-14.5,33.900000000000034,86.60000000000002,48.152822406999995,0,0.015337496999999999,3,0,0
2129,2024-10-01,2,7.0,,3,0,0,0,3,0,0,0,3,0,688,442,47.25838971500001,27,0,235,0,0,8.75,10.0,9.575000000000003,72.5,0.0035076985826450495,-73.60000000000002,-20.30000000000001,36.60000000000002,90.00000000000006,47.25838971500001,0,0.003224285,1,0,0
2130,2024-10-01,3,5.0,,5,0,0,0,5,0,0,0,5,0,1780,1581,139.4910205930003,58,0,161,18,0,8.0,9.600000000000009,7.550000000000011,26.599999999999966,0.006299992921356268,-32.0,1.8000000000000114,12.299999999999983,48.0,139.4910205930003,0,0.00131755,3,0,0
2131,2024-10-01,3,6.0,,9,0,0,0,9,0,0,0,9,0,1877,1251,73.2566045359999,59,0,607,16,0,9.199999999999989,9.899999999999977,8.050000000000011,29.0,0.006643307142351526,-72.0,0.9000000000000057,15.299999999999983,89.10000000000002,73.2566045359999,0,4.0704e-05,1,0,0
2132,2024-10-01,3,7.0,,11,0,0,0,11,0,0,0,11,0,1300,917,73.89211257099996,38,0,366,20,0,9.0,9.349999999999994,9.199999999999989,63.80000000000001,0.004601118425709634,-71.0,-5.699999999999989,23.0,89.50000000000006,73.89211257099996,0,0.003225982,1,0,0
2163,2024-10-15,2,5.0,,0,0,0,0,0,0,0,0,0,0,1183,1116,106.97987086799995,26,0,46,1,0,9.5,9.5,8.574999999999989,25.800000000000068,0.0060314061384725195,-51.7,0.7000000000000028,14.700000000000003,66.6,106.97987086799995,0,0,0,0,0
2164,2024-10-15,2,6.0,,1,0,0,0,1,0,0,0,1,0,1096,768,73.1642038119999,33,0,312,0,0,9.049999999999983,9.899999999999991,8.950000000000003,30.200000000000003,0.005587845416539207,-52.19999999999999,-0.5,18.30000000000001,68.9,73.1642038119999,0,0.024998705,1,0,0
2165,2024-10-15,2,7.0,,0,0,0,0,0,0,0,0,0,0,1056,772,66.85455011999998,15,0,278,3,0,9.699999999999989,10.0,9.800000000000011,65.70000000000002,0.005383909452431937,-69.0,-12.699999999999989,32.69999999999999,88.60000000000002,66.85455011999998,0,0.108328447,1,0,0
2232,2024-11-15,3,5.0,,1,0,0,0,1,0,0,0,1,0,1246,719,46.327783493999966,54,0,496,0,0,9.349999999999994,8.799999999999997,9.599999999999994,30.19999999999999,0.004409995044949388,-62.19999999999999,3.299999999999997,14.099999999999994,80.9,45.66656001599997,3,0.005262155,2,0,0
2233,2024-11-15,3,6.0,,0,0,0,0,0,0,0,0,0,0,921,693,52.24207390000003,33,0,209,0,0,9.599999999999994,8.950000000000003,9.700000000000045,51.00000000000006,0.003259715438521979,-62.60000000000002,-1.6999999999999886,20.099999999999994,81.9,52.24207390000003,0,1.2828e-05,1,0,0
2234,2024-11-15,3,7.0,,1,0,0,0,1,0,0,0,1,0,577,468,55.675919041000036,34,0,90,0,0,9.849999999999994,9.899999999999991,9.899999999999977,58.89999999999998,0.0020421887166418916,-62.80000000000001,-6.900000000000006,26.799999999999983,82.5,55.675919041000036,0,0,0,0,0
2262,2024-11-29,3,5.0,,442,13,0,0,442,0,13,0,429,0,1295,1181,57.76971150700006,79,0,53,0,2,0.7999999999999989,0.0749999999999999,0.6999999999999997,2.3000000000000007,0.004583421816379982,-6.7,0.0,0.19999999999999996,10.299999999999999,57.76971150700006,0,57.76259279500006,2,56.570067245000054,15
2263,2024-11-29,3,6.0,,443,13,0,0,443,0,13,0,430,0,1567,1449,68.95139764300004,96,0,38,0,1,1.2000000000000002,0.09999999999999998,1.0499999999999998,2.700000000000001,0.005546117363913074,-8.95,0.0,0.40000000000000013,11.149999999999999,68.95139764300004,0,68.93596204100004,2,65.97859258000005,27
2264,2024-11-29,3,7.0,,349,14,0,0,349,0,13,1,335,0,1887,1813,76.33288896099992,61,0,31,1,0,2.1999999999999993,0.20000000000000007,1.700000000000001,3.4999999999999982,0.006678700361010831,-12.4,0.5,0.5,13.600000000000001,76.33288896099992,0,76.15692089699995,6,28.862814184999998,4
2295,2024-12-11,2,5.0,,1065,11,0,0,1065,0,11,0,1054,0,1506,1440,99.91309059000002,60,0,19,4,1,2.8000000000000007,0.1250000000000001,2.7499999999999964,5.0,0.007678189048638728,-11.299999999999997,0.8000000000000043,0.4,17.5,99.91309059000002,0,84.63661918900003,98,55.30016545099998,0
2296,2024-12-11,2,6.0,,579,13,0,0,579,0,13,0,566,0,2425,2406,117.77099866199993,18,0,5,0,1,4.200000000000003,0.44999999999999996,1.25,2.8000000000000007,0.012363617824003264,-11.100000000000009,1.6000000000000085,0.75,20.200000000000003,117.77099866199993,0,73.03522776799986,10,67.72731584499991,27
2297,2024-12-11,2,7.0,,197,13,0,0,197,0,12,1,184,0,3080,3053,118.7664393800001,23,0,11,3,1,5.450000000000003,1.5999999999999996,2.6499999999999986,4.199999999999999,0.015703069236259814,-15.600000000000001,1.3000000000000114,1.5,25.999999999999986,118.7664393800001,0,69.51495216800005,57,28.797752608000007,1
2322,2024-12-27,3,5.0,,1,0,0,0,1,0,0,0,1,0,523,349,26.565859992999993,16,0,173,0,0,9.800000000000011,9.949999999999989,9.899999999999977,72.60000000000002,0.001851065335881645,-69.29999999999995,-15.400000000000034,35.19999999999999,89.19999999999993,26.565859992999993,0,0.002993114,2,0,0
2323,2024-12-27,3,6.0,,0,0,0,0,0,0,0,0,0,0,459,332,30.816961068999998,25,0,125,0,0,8.300000000000011,10.0,9.800000000000011,111.80000000000018,0.001624548736462094,-70.09999999999997,-27.100000000000023,44.099999999999966,89.90000000000003,30.816961068999998,0,1.360612833,8,0,0
2324,2024-12-27,3,7.0,,1,0,0,0,1,0,0,0,1,0,498,381,29.641765336000002,25,0,113,0,0,10.0,10.0,9.999999999999972,128.79999999999995,0.0017625822892333829,-70.0,-29.399999999999977,49.39999999999998,90.0,29.641765336000002,0,0.005129214,1,0,0
