path_name,entrypoint,may_create_local_fills,may_submit_to_ibkr,may_affect_broker_path_pnl,allowed_going_forward,needs_explicit_labeling,deprecate_recommendation,notes
"IBKR paper bridge manual harness","src/mgc_v05l/execution/ibkr_paper_strategy_bridge.py via approved manual caller paths","no","yes","yes","yes","yes","keep","Operator-controlled paper submit path with strict PAPER/host/port/account locks"
"Supervised paper runtime via route-aware broker","src/mgc_v05l/app/probationary_runtime.py:_IbkrPaperBridgeRuntimeBroker","no","yes","yes","yes","yes","keep","Submit-capable lanes should use this or fail closed"
"Approved supervised paper runtime caller wrapper","src/mgc_v05l/app/probationary_runtime.py:_runtime_bridge_config_for_lane","no","yes","yes","yes","yes","keep","Metadata carrier into bridge; not a separate fill engine"
"Legacy deterministic PaperBroker","src/mgc_v05l/execution/paper_broker.py","yes","no","no","only for internal-only/replay/validation","yes","deprecate from submit-capable runtime lanes","Still needed for replay/tests/diagnostic-only lanes; unsafe as silent fallback"
"Legacy standalone/local paper runtime","src/mgc_v05l/strategy/strategy_engine.py + ExecutionEngine(broker=PaperBroker())","yes","no","no","limited","yes","deprecate from production-style paper lanes","Useful for research/local simulation but must not masquerade as broker path"
"Internal-only diagnostic lanes","various probationary/runtime diagnostic paths using PaperBroker or snapshot-only artifacts","yes","no","no","yes","yes","keep","Must remain explicitly labeled INTERNAL_ONLY_DIAGNOSTIC"
"Paper soak / validation harnesses","src/mgc_v05l/app/probationary_runtime.py validation brokers and soak entrypoints","yes","possibly no in most cases","no","yes for validation only","yes","keep","Should remain quarantined from broker-path P&L"
"Replay/backtest/simulation","replay runners; tests/integration; scripts/run_persisted_bar_replay.sh","yes","no","no","yes","yes","keep","Research-only path; should never be confused with paper broker truth"
"Unattended close / post-manual reconciliation utilities","IBKR close reconciliation and unattended close reports","no direct local fills","may reference IBKR broker truth","yes when reconciling actual paper path","yes with caution","yes","keep","Operational support path, not a strategy signal path"
