instrument_expression,scenario_id,scenario_label,decomposition_axis,bucket,trade_count,total_gross_pnl_cash,total_fees_cash,total_slippage_cash,total_net_pnl_cash,average_net_trade_cash,median_net_trade_cash,win_rate,profit_factor,max_drawdown,largest_win,largest_loss,max_consecutive_losers
MGC,MGC_GROSS_ZERO_COST,MGC gross / zero cost,session,ASIA,1947,16334.8325,0.0,0.0,16334.8325,8.3897,8.0,58.9625,1.6193,946.3175,607.0,-542.2417,8
MGC,MGC_GROSS_ZERO_COST,MGC gross / zero cost,session,US,3018,22047.4825,0.0,0.0,22047.4825,7.3053,9.0,59.3108,1.4964,1547.3975,435.0933,-579.7333,9
MGC,MGC_GROSS_ZERO_COST,MGC gross / zero cost,year,2024,2095,8911.1417,0.0,0.0,8911.1417,4.2535,5.0,57.5179,1.5664,325.3317,101.44,-146.0,8
MGC,MGC_GROSS_ZERO_COST,MGC gross / zero cost,year,2025,2266,18313.9925,0.0,0.0,18313.9925,8.0821,13.0,60.4148,1.5778,756.5783,290.0,-282.2792,7
MGC,MGC_GROSS_ZERO_COST,MGC gross / zero cost,year,2026,604,11157.1808,0.0,0.0,11157.1808,18.4722,30.0,60.2649,1.4774,1768.9533,607.0,-579.7333,6
MGC,MGC_GROSS_ZERO_COST,MGC gross / zero cost,direction,LONG,4965,38382.315,0.0,0.0,38382.315,7.7306,9.0,59.1742,1.5422,1768.9533,607.0,-579.7333,8
MGC,MGC_GROSS_ZERO_COST,MGC gross / zero cost,exit_reason,stop,704,-42249.375,0.0,0.0,-42249.375,-60.0133,-39.3354,0.0,0.0,42249.375,-5.55,-579.7333,704
MGC,MGC_GROSS_ZERO_COST,MGC gross / zero cost,exit_reason,stop_first_conflict,4,-85.95,0.0,0.0,-85.95,-21.4875,-20.0312,0.0,0.0,85.95,-14.3667,-31.5208,4
MGC,MGC_GROSS_ZERO_COST,MGC gross / zero cost,exit_reason,target,1855,86486.64,0.0,0.0,86486.64,46.6235,32.76,100.0,86486.64,0.0,435.0933,6.5,0
MGC,MGC_GROSS_ZERO_COST,MGC gross / zero cost,exit_reason,time_stop,2402,-5769.0,0.0,0.0,-5769.0,-2.4017,-1.0,45.0874,0.7973,6009.0,607.0,-406.0,16
MGC,MGC_CURRENT_V2_COST_MODEL,MGC current v2 cost model,session,ASIA,1947,16334.8325,2920.5,9735.0,3679.3325,1.8897,1.5,51.8233,1.1148,3531.8125,600.5,-548.7417,11
MGC,MGC_CURRENT_V2_COST_MODEL,MGC current v2 cost model,session,US,3018,22047.4825,4527.0,15090.0,2430.4825,0.8053,2.5,52.6839,1.0458,3331.3492,428.5933,-586.2333,10
MGC,MGC_CURRENT_V2_COST_MODEL,MGC current v2 cost model,year,2024,2095,8911.1417,3142.5,10475.0,-4706.3583,-2.2465,-1.5,48.1623,0.7877,4794.0333,94.94,-152.5,12
MGC,MGC_CURRENT_V2_COST_MODEL,MGC current v2 cost model,year,2025,2266,18313.9925,3399.0,11330.0,3584.9925,1.5821,6.5,54.9426,1.0946,1985.5742,283.5,-288.7792,7
MGC,MGC_CURRENT_V2_COST_MODEL,MGC current v2 cost model,year,2026,604,11157.1808,906.0,3020.0,7231.1808,11.9722,23.5,57.1192,1.2893,2120.165,600.5,-586.2333,9
MGC,MGC_CURRENT_V2_COST_MODEL,MGC current v2 cost model,direction,LONG,4965,38382.315,7447.5,24825.0,6109.815,1.2306,2.5,52.3464,1.0718,5856.1858,600.5,-586.2333,12
MGC,MGC_CURRENT_V2_COST_MODEL,MGC current v2 cost model,exit_reason,stop,704,-42249.375,1056.0,3520.0,-46825.375,-66.5133,-45.8354,0.0,0.0,46825.375,-12.05,-586.2333,704
MGC,MGC_CURRENT_V2_COST_MODEL,MGC current v2 cost model,exit_reason,stop_first_conflict,4,-85.95,6.0,20.0,-111.95,-27.9875,-26.5312,0.0,0.0,111.95,-20.8667,-38.0208,4
MGC,MGC_CURRENT_V2_COST_MODEL,MGC current v2 cost model,exit_reason,target,1855,86486.64,2782.5,9275.0,74429.14,40.1235,26.26,100.0,74429.14,0.0,428.5933,0.0,0
MGC,MGC_CURRENT_V2_COST_MODEL,MGC current v2 cost model,exit_reason,time_stop,2402,-5769.0,3603.0,12010.0,-21382.0,-8.9017,-7.5,30.9742,0.4394,21570.0,600.5,-412.5,20
MGC,MGC_FEE_ONLY,MGC fee-only,session,ASIA,1947,16334.8325,2920.5,0.0,13414.3325,6.8897,6.5,57.2676,1.4862,953.8175,605.5,-543.7417,11
MGC,MGC_FEE_ONLY,MGC fee-only,session,US,3018,22047.4825,4527.0,0.0,17520.4825,5.8053,7.5,58.1511,1.3786,1592.3975,433.5933,-581.2333,10
MGC,MGC_FEE_ONLY,MGC fee-only,year,2024,2095,8911.1417,3142.5,0.0,5768.6417,2.7535,3.5,55.4654,1.3376,520.1867,99.94,-147.5,12
MGC,MGC_FEE_ONLY,MGC fee-only,year,2025,2266,18313.9925,3399.0,0.0,14914.9925,6.5821,11.5,59.5322,1.4513,773.0783,288.5,-283.7792,7
MGC,MGC_FEE_ONLY,MGC fee-only,year,2026,604,11157.1808,906.0,0.0,10251.1808,16.9722,28.5,59.4371,1.432,1816.9533,605.5,-581.2333,9
MGC,MGC_FEE_ONLY,MGC fee-only,direction,LONG,4965,38382.315,7447.5,0.0,30934.815,6.2306,7.5,57.8046,1.4188,1816.9533,605.5,-581.2333,12
MGC,MGC_FEE_ONLY,MGC fee-only,exit_reason,stop,704,-42249.375,1056.0,0.0,-43305.375,-61.5133,-40.8354,0.0,0.0,43305.375,-7.05,-581.2333,704
MGC,MGC_FEE_ONLY,MGC fee-only,exit_reason,stop_first_conflict,4,-85.95,6.0,0.0,-91.95,-22.9875,-21.5312,0.0,0.0,91.95,-15.8667,-33.0208,4
MGC,MGC_FEE_ONLY,MGC fee-only,exit_reason,target,1855,86486.64,2782.5,0.0,83704.14,45.1235,31.26,100.0,83704.14,0.0,433.5933,5.0,0
MGC,MGC_FEE_ONLY,MGC fee-only,exit_reason,time_stop,2402,-5769.0,3603.0,0.0,-9372.0,-3.9017,-2.5,42.2565,0.6925,9600.0,605.5,-407.5,16
MGC,MGC_SLIPPAGE_ONLY,MGC slippage-only,session,ASIA,1947,16334.8325,0.0,9735.0,6599.8325,3.3897,3.0,52.6451,1.2153,2003.3125,602.0,-547.2417,11
MGC,MGC_SLIPPAGE_ONLY,MGC slippage-only,session,US,3018,22047.4825,0.0,15090.0,6957.4825,2.3053,4.0,53.446,1.1367,1697.3975,430.0933,-584.7333,10
MGC,MGC_SLIPPAGE_ONLY,MGC slippage-only,year,2024,2095,8911.1417,0.0,10475.0,-1563.8583,-0.7465,0.0,49.1169,0.9239,2426.6233,96.44,-151.0,12
MGC,MGC_SLIPPAGE_ONLY,MGC slippage-only,year,2025,2266,18313.9925,0.0,11330.0,6983.9925,3.0821,8.0,55.6487,1.1919,1285.4483,285.0,-287.2792,7
MGC,MGC_SLIPPAGE_ONLY,MGC slippage-only,year,2026,604,11157.1808,0.0,3020.0,8137.1808,13.4722,25.0,57.6159,1.3307,2019.665,602.0,-584.7333,9
MGC,MGC_SLIPPAGE_ONLY,MGC slippage-only,direction,LONG,4965,38382.315,0.0,24825.0,13557.315,2.7306,4.0,53.1319,1.1662,2493.9758,602.0,-584.7333,12
MGC,MGC_SLIPPAGE_ONLY,MGC slippage-only,exit_reason,stop,704,-42249.375,0.0,3520.0,-45769.375,-65.0133,-44.3354,0.0,0.0,45769.375,-10.55,-584.7333,704
MGC,MGC_SLIPPAGE_ONLY,MGC slippage-only,exit_reason,stop_first_conflict,4,-85.95,0.0,20.0,-105.95,-26.4875,-25.0312,0.0,0.0,105.95,-19.3667,-36.5208,4
MGC,MGC_SLIPPAGE_ONLY,MGC slippage-only,exit_reason,target,1855,86486.64,0.0,9275.0,77211.64,41.6235,27.76,100.0,77211.64,0.0,430.0933,1.5,0
MGC,MGC_SLIPPAGE_ONLY,MGC slippage-only,exit_reason,time_stop,2402,-5769.0,0.0,12010.0,-17779.0,-7.4017,-6.0,32.5978,0.5019,17979.0,602.0,-411.0,18
MGC,MGC_HALF_SLIPPAGE,MGC half slippage,session,ASIA,1947,16334.8325,2920.5,4867.5,8546.8325,4.3897,4.0,54.3914,1.2873,1000.3717,603.0,-546.2417,11
MGC,MGC_HALF_SLIPPAGE,MGC half slippage,session,US,3018,22047.4825,4527.0,7545.0,9975.4825,3.3053,5.0,55.3015,1.2014,1667.3975,431.0933,-583.7333,10
MGC,MGC_HALF_SLIPPAGE,MGC half slippage,year,2024,2095,8911.1417,3142.5,5237.5,531.1417,0.2535,1.0,51.599,1.0272,1496.8292,97.44,-150.0,12
MGC,MGC_HALF_SLIPPAGE,MGC half slippage,year,2025,2266,18313.9925,3399.0,5665.0,9249.9925,4.0821,9.0,57.1492,1.2612,1060.0217,286.0,-286.2792,7
MGC,MGC_HALF_SLIPPAGE,MGC half slippage,year,2026,604,11157.1808,906.0,1510.0,8741.1808,14.4722,26.0,58.2781,1.3589,1952.665,603.0,-583.7333,9
MGC,MGC_HALF_SLIPPAGE,MGC half slippage,direction,LONG,4965,38382.315,7447.5,12412.5,18522.315,3.7306,5.0,54.9446,1.2336,1952.665,603.0,-583.7333,12
MGC,MGC_HALF_SLIPPAGE,MGC half slippage,exit_reason,stop,704,-42249.375,1056.0,1760.0,-45065.375,-64.0133,-43.3354,0.0,0.0,45065.375,-9.55,-583.7333,704
MGC,MGC_HALF_SLIPPAGE,MGC half slippage,exit_reason,stop_first_conflict,4,-85.95,6.0,10.0,-101.95,-25.4875,-24.0312,0.0,0.0,101.95,-18.3667,-35.5208,4
MGC,MGC_HALF_SLIPPAGE,MGC half slippage,exit_reason,target,1855,86486.64,2782.5,4637.5,79066.64,42.6235,28.76,100.0,79066.64,0.0,431.0933,2.5,0
MGC,MGC_HALF_SLIPPAGE,MGC half slippage,exit_reason,time_stop,2402,-5769.0,3603.0,6005.0,-15377.0,-6.4017,-5.0,36.3447,0.5493,15585.0,603.0,-410.0,18
MGC,MGC_DOUBLE_SLIPPAGE,MGC double slippage,session,ASIA,1947,16334.8325,2920.5,19470.0,-6055.6675,-3.1103,-3.5,45.5059,0.8364,10134.7792,595.5,-553.7417,14
MGC,MGC_DOUBLE_SLIPPAGE,MGC double slippage,session,US,3018,22047.4825,4527.0,30180.0,-12659.5175,-4.1947,-2.5,47.548,0.7909,14065.9875,423.5933,-591.2333,13
MGC,MGC_DOUBLE_SLIPPAGE,MGC double slippage,year,2024,2095,8911.1417,3142.5,20950.0,-15181.3583,-7.2465,-6.5,39.3317,0.4584,15188.065,89.94,-157.5,16
MGC,MGC_DOUBLE_SLIPPAGE,MGC double slippage,year,2025,2266,18313.9925,3399.0,22660.0,-7745.0075,-3.4179,1.5,51.1474,0.8209,8453.4433,278.5,-293.7792,8
MGC,MGC_DOUBLE_SLIPPAGE,MGC double slippage,year,2026,604,11157.1808,906.0,6040.0,4211.1808,6.9722,18.5,55.9603,1.1601,2458.2383,595.5,-591.2333,9
MGC,MGC_DOUBLE_SLIPPAGE,MGC double slippage,direction,LONG,4965,38382.315,7447.5,49650.0,-18715.185,-3.7694,-2.5,46.7472,0.8082,23631.575,595.5,-591.2333,16
MGC,MGC_DOUBLE_SLIPPAGE,MGC double slippage,exit_reason,stop,704,-42249.375,1056.0,7040.0,-50345.375,-71.5133,-50.8354,0.0,0.0,50345.375,-17.05,-591.2333,704
MGC,MGC_DOUBLE_SLIPPAGE,MGC double slippage,exit_reason,stop_first_conflict,4,-85.95,6.0,40.0,-131.95,-32.9875,-31.5312,0.0,0.0,131.95,-25.8667,-43.0208,4
MGC,MGC_DOUBLE_SLIPPAGE,MGC double slippage,exit_reason,target,1855,86486.64,2782.5,18550.0,65154.14,35.1235,21.26,95.7951,487.0315,11.16,423.5933,-5.0,3
MGC,MGC_DOUBLE_SLIPPAGE,MGC double slippage,exit_reason,time_stop,2402,-5769.0,3603.0,24020.0,-33392.0,-13.9017,-12.5,22.6478,0.2889,33540.0,595.5,-417.5,45
MGC,MGC_CONSERVATIVE_LIVE_PROXY,MGC conservative live proxy,session,ASIA,1947,16334.8325,2920.5,19470.0,-6055.6675,-3.1103,-3.5,45.5059,0.8364,10134.7792,595.5,-553.7417,14
MGC,MGC_CONSERVATIVE_LIVE_PROXY,MGC conservative live proxy,session,US,3018,22047.4825,4527.0,30180.0,-12659.5175,-4.1947,-2.5,47.548,0.7909,14065.9875,423.5933,-591.2333,13
MGC,MGC_CONSERVATIVE_LIVE_PROXY,MGC conservative live proxy,year,2024,2095,8911.1417,3142.5,20950.0,-15181.3583,-7.2465,-6.5,39.3317,0.4584,15188.065,89.94,-157.5,16
MGC,MGC_CONSERVATIVE_LIVE_PROXY,MGC conservative live proxy,year,2025,2266,18313.9925,3399.0,22660.0,-7745.0075,-3.4179,1.5,51.1474,0.8209,8453.4433,278.5,-293.7792,8
MGC,MGC_CONSERVATIVE_LIVE_PROXY,MGC conservative live proxy,year,2026,604,11157.1808,906.0,6040.0,4211.1808,6.9722,18.5,55.9603,1.1601,2458.2383,595.5,-591.2333,9
MGC,MGC_CONSERVATIVE_LIVE_PROXY,MGC conservative live proxy,direction,LONG,4965,38382.315,7447.5,49650.0,-18715.185,-3.7694,-2.5,46.7472,0.8082,23631.575,595.5,-591.2333,16
MGC,MGC_CONSERVATIVE_LIVE_PROXY,MGC conservative live proxy,exit_reason,stop,704,-42249.375,1056.0,7040.0,-50345.375,-71.5133,-50.8354,0.0,0.0,50345.375,-17.05,-591.2333,704
MGC,MGC_CONSERVATIVE_LIVE_PROXY,MGC conservative live proxy,exit_reason,stop_first_conflict,4,-85.95,6.0,40.0,-131.95,-32.9875,-31.5312,0.0,0.0,131.95,-25.8667,-43.0208,4
MGC,MGC_CONSERVATIVE_LIVE_PROXY,MGC conservative live proxy,exit_reason,target,1855,86486.64,2782.5,18550.0,65154.14,35.1235,21.26,95.7951,487.0315,11.16,423.5933,-5.0,3
MGC,MGC_CONSERVATIVE_LIVE_PROXY,MGC conservative live proxy,exit_reason,time_stop,2402,-5769.0,3603.0,24020.0,-33392.0,-13.9017,-12.5,22.6478,0.2889,33540.0,595.5,-417.5,45
GC,GC_GROSS_ZERO_COST,GC gross / zero cost,session,ASIA,1963,188217.05,0.0,0.0,188217.05,95.8823,98.6667,60.8253,1.7554,7266.0833,3944.0667,-4666.3333,7
GC,GC_GROSS_ZERO_COST,GC gross / zero cost,session,US,2549,144344.3667,0.0,0.0,144344.3667,56.6278,80.0,58.5328,1.3523,17544.2583,3758.2,-5780.9583,9
GC,GC_GROSS_ZERO_COST,GC gross / zero cost,year,2024,1887,81125.8417,0.0,0.0,81125.8417,42.992,60.0,59.0355,1.5694,4295.6,1024.6,-1440.0,7
GC,GC_GROSS_ZERO_COST,GC gross / zero cost,year,2025,2053,158308.6167,0.0,0.0,158308.6167,77.1109,129.2667,59.5226,1.5346,9864.8917,2900.0,-2827.125,8
GC,GC_GROSS_ZERO_COST,GC gross / zero cost,year,2026,572,93126.9583,0.0,0.0,93126.9583,162.8094,288.4,61.1888,1.4228,23941.1667,3944.0667,-5780.9583,7
GC,GC_GROSS_ZERO_COST,GC gross / zero cost,direction,LONG,4512,332561.4167,0.0,0.0,332561.4167,73.706,90.0,59.5301,1.5047,23941.1667,3944.0667,-5780.9583,8
GC,GC_GROSS_ZERO_COST,GC gross / zero cost,exit_reason,stop,640,-405697.5833,0.0,0.0,-405697.5833,-633.9025,-420.9792,0.0,0.0,405697.5833,-53.2917,-5780.9583,640
GC,GC_GROSS_ZERO_COST,GC gross / zero cost,exit_reason,stop_first_conflict,1,-283.3333,0.0,0.0,-283.3333,-283.3333,-283.3333,0.0,0.0,283.3333,-283.3333,-283.3333,1
GC,GC_GROSS_ZERO_COST,GC gross / zero cost,exit_reason,target,1671,779252.3333,0.0,0.0,779252.3333,466.3389,326.4667,100.0,779252.3333,0.0,3944.0667,65.0,0
GC,GC_GROSS_ZERO_COST,GC gross / zero cost,exit_reason,time_stop,2200,-40710.0,0.0,0.0,-40710.0,-18.5045,-10.0,46.1364,0.839,43640.0,3250.0,-4620.0,11
GC,GC_CURRENT_FRAMEWORK_REPLAY_COST_MODEL,GC current framework replay cost model,session,ASIA,1963,188217.05,2944.5,98150.0,87122.55,44.3823,47.1667,55.1197,1.2993,11364.725,3892.5667,-4717.8333,11
GC,GC_CURRENT_FRAMEWORK_REPLAY_COST_MODEL,GC current framework replay cost model,session,US,2549,144344.3667,3823.5,127450.0,13070.8667,5.1278,28.5,52.6873,1.0279,21626.2667,3706.7,-5832.4583,9
GC,GC_CURRENT_FRAMEWORK_REPLAY_COST_MODEL,GC current framework replay cost model,year,2024,1887,81125.8417,2830.5,94350.0,-16054.6583,-8.508,8.5,50.0795,0.9137,24078.2083,973.1,-1491.5,9
GC,GC_CURRENT_FRAMEWORK_REPLAY_COST_MODEL,GC current framework replay cost model,year,2025,2053,158308.6167,3079.5,102650.0,52579.1167,25.6109,77.7667,55.6259,1.1542,11358.3917,2848.5,-2878.625,8
GC,GC_CURRENT_FRAMEWORK_REPLAY_COST_MODEL,GC current framework replay cost model,year,2026,572,93126.9583,858.0,28600.0,63668.9583,111.3094,236.9,59.0909,1.2745,24456.1667,3892.5667,-5832.4583,7
GC,GC_CURRENT_FRAMEWORK_REPLAY_COST_MODEL,GC current framework replay cost model,direction,LONG,4512,332561.4167,6768.0,225600.0,100193.4167,22.206,38.5,53.7456,1.132,26404.2583,3892.5667,-5832.4583,9
GC,GC_CURRENT_FRAMEWORK_REPLAY_COST_MODEL,GC current framework replay cost model,exit_reason,stop,640,-405697.5833,960.0,32000.0,-438657.5833,-685.4025,-472.4792,0.0,0.0,438657.5833,-104.7917,-5832.4583,640
GC,GC_CURRENT_FRAMEWORK_REPLAY_COST_MODEL,GC current framework replay cost model,exit_reason,stop_first_conflict,1,-283.3333,1.5,50.0,-334.8333,-334.8333,-334.8333,0.0,0.0,334.8333,-334.8333,-334.8333,1
GC,GC_CURRENT_FRAMEWORK_REPLAY_COST_MODEL,GC current framework replay cost model,exit_reason,target,1671,779252.3333,2506.5,83550.0,693195.8333,414.8389,274.9667,100.0,693195.8333,0.0,3892.5667,13.5,0
GC,GC_CURRENT_FRAMEWORK_REPLAY_COST_MODEL,GC current framework replay cost model,exit_reason,time_stop,2200,-40710.0,3300.0,110000.0,-154010.0,-70.0045,-61.5,34.2727,0.5184,155372.0,3198.5,-4671.5,14
GC,GC_CURRENT_REPO_CONTRACT_COST_PROXY,GC current repo contract-cost proxy,session,ASIA,1963,188217.05,8833.5,39260.0,140123.55,71.3823,74.1667,58.7876,1.522,7339.5833,3919.5667,-4690.8333,7
GC,GC_CURRENT_REPO_CONTRACT_COST_PROXY,GC current repo contract-cost proxy,session,US,2549,144344.3667,11470.5,50980.0,81893.8667,32.1278,55.5,55.7474,1.1877,18475.2583,3733.7,-5805.4583,9
GC,GC_CURRENT_REPO_CONTRACT_COST_PROXY,GC current repo contract-cost proxy,year,2024,1887,81125.8417,8491.5,37740.0,34894.3417,18.492,35.5,55.2729,1.2153,6015.2333,1000.1,-1464.5,8
GC,GC_CURRENT_REPO_CONTRACT_COST_PROXY,GC current repo contract-cost proxy,year,2025,2053,158308.6167,9238.5,41060.0,108010.1167,52.6109,104.7667,57.7204,1.3409,10575.3917,2875.5,-2851.625,8
GC,GC_CURRENT_REPO_CONTRACT_COST_PROXY,GC current repo contract-cost proxy,year,2026,572,93126.9583,2574.0,11440.0,79112.9583,138.3094,263.9,60.6643,1.3505,24186.1667,3919.5667,-5805.4583,7
GC,GC_CURRENT_REPO_CONTRACT_COST_PROXY,GC current repo contract-cost proxy,direction,LONG,4512,332561.4167,20304.0,90240.0,222017.4167,49.206,65.5,57.07,1.3151,24186.1667,3919.5667,-5805.4583,8
GC,GC_CURRENT_REPO_CONTRACT_COST_PROXY,GC current repo contract-cost proxy,exit_reason,stop,640,-405697.5833,2880.0,12800.0,-421377.5833,-658.4025,-445.4792,0.0,0.0,421377.5833,-77.7917,-5805.4583,640
GC,GC_CURRENT_REPO_CONTRACT_COST_PROXY,GC current repo contract-cost proxy,exit_reason,stop_first_conflict,1,-283.3333,4.5,20.0,-307.8333,-307.8333,-307.8333,0.0,0.0,307.8333,-307.8333,-307.8333,1
GC,GC_CURRENT_REPO_CONTRACT_COST_PROXY,GC current repo contract-cost proxy,exit_reason,target,1671,779252.3333,7519.5,33420.0,738312.8333,441.8389,301.9667,100.0,738312.8333,0.0,3919.5667,40.5,0
GC,GC_CURRENT_REPO_CONTRACT_COST_PROXY,GC current repo contract-cost proxy,exit_reason,time_stop,2200,-40710.0,9900.0,44000.0,-94610.0,-43.0045,-34.5,41.0909,0.6657,96491.0,3225.5,-4644.5,11
GC,GC_FEE_ONLY,GC fee-only,session,ASIA,1963,188217.05,8833.5,0.0,179383.55,91.3823,94.1667,60.8253,1.7101,7279.5833,3939.5667,-4670.8333,7
GC,GC_FEE_ONLY,GC fee-only,session,US,2549,144344.3667,11470.5,0.0,132873.8667,52.1278,75.5,58.5328,1.3206,17715.2583,3753.7,-5785.4583,9
GC,GC_FEE_ONLY,GC fee-only,year,2024,1887,81125.8417,8491.5,0.0,72634.3417,38.492,55.5,59.0355,1.4976,4504.2833,1020.1,-1444.5,8
GC,GC_FEE_ONLY,GC fee-only,year,2025,2053,158308.6167,9238.5,0.0,149070.1167,72.6109,124.7667,59.5226,1.4972,9995.3917,2895.5,-2831.625,8
GC,GC_FEE_ONLY,GC fee-only,year,2026,572,93126.9583,2574.0,0.0,90552.9583,158.3094,283.9,61.1888,1.4092,23986.1667,3939.5667,-5785.4583,7
GC,GC_FEE_ONLY,GC fee-only,direction,LONG,4512,332561.4167,20304.0,0.0,312257.4167,69.206,85.5,59.5301,1.4681,23986.1667,3939.5667,-5785.4583,8
GC,GC_FEE_ONLY,GC fee-only,exit_reason,stop,640,-405697.5833,2880.0,0.0,-408577.5833,-638.4025,-425.4792,0.0,0.0,408577.5833,-57.7917,-5785.4583,640
GC,GC_FEE_ONLY,GC fee-only,exit_reason,stop_first_conflict,1,-283.3333,4.5,0.0,-287.8333,-287.8333,-287.8333,0.0,0.0,287.8333,-287.8333,-287.8333,1
GC,GC_FEE_ONLY,GC fee-only,exit_reason,target,1671,779252.3333,7519.5,0.0,771732.8333,461.8389,321.9667,100.0,771732.8333,0.0,3939.5667,60.5,0
GC,GC_FEE_ONLY,GC fee-only,exit_reason,time_stop,2200,-40710.0,9900.0,0.0,-50610.0,-23.0045,-14.5,46.1364,0.804,53336.5,3245.5,-4624.5,11
GC,GC_SLIPPAGE_ONLY,GC slippage-only,session,ASIA,1963,188217.05,0.0,39260.0,148957.05,75.8823,78.6667,59.2461,1.5626,7326.0833,3924.0667,-4686.3333,7
GC,GC_SLIPPAGE_ONLY,GC slippage-only,session,US,2549,144344.3667,0.0,50980.0,93364.3667,36.6278,60.0,56.2574,1.2165,18304.2583,3738.2,-5800.9583,9
GC,GC_SLIPPAGE_ONLY,GC slippage-only,year,2024,1887,81125.8417,0.0,37740.0,43385.8417,22.992,40.0,56.1738,1.2741,5339.55,1004.6,-1460.0,8
GC,GC_SLIPPAGE_ONLY,GC slippage-only,year,2025,2053,158308.6167,0.0,41060.0,117248.6167,57.1109,109.2667,57.9152,1.3746,10444.8917,2880.0,-2847.125,8
GC,GC_SLIPPAGE_ONLY,GC slippage-only,year,2026,572,93126.9583,0.0,11440.0,81686.9583,142.8094,268.4,60.8392,1.3635,24141.1667,3924.0667,-5800.9583,7
GC,GC_SLIPPAGE_ONLY,GC slippage-only,direction,LONG,4512,332561.4167,0.0,90240.0,242321.4167,53.706,70.0,57.5576,1.3482,24141.1667,3924.0667,-5800.9583,8
GC,GC_SLIPPAGE_ONLY,GC slippage-only,exit_reason,stop,640,-405697.5833,0.0,12800.0,-418497.5833,-653.9025,-440.9792,0.0,0.0,418497.5833,-73.2917,-5800.9583,640
GC,GC_SLIPPAGE_ONLY,GC slippage-only,exit_reason,stop_first_conflict,1,-283.3333,0.0,20.0,-303.3333,-303.3333,-303.3333,0.0,0.0,303.3333,-303.3333,-303.3333,1
GC,GC_SLIPPAGE_ONLY,GC slippage-only,exit_reason,target,1671,779252.3333,0.0,33420.0,745832.3333,446.3389,306.4667,100.0,745832.3333,0.0,3924.0667,45.0,0
GC,GC_SLIPPAGE_ONLY,GC slippage-only,exit_reason,time_stop,2200,-40710.0,0.0,44000.0,-84710.0,-38.5045,-30.0,42.0909,0.6944,86780.0,3230.0,-4640.0,11
GC,GC_HALF_SLIPPAGE,GC half slippage,session,ASIA,1963,188217.05,8833.5,19630.0,159753.55,81.3823,84.1667,59.6536,1.6134,7309.5833,3929.5667,-4680.8333,7
GC,GC_HALF_SLIPPAGE,GC half slippage,session,US,2549,144344.3667,11470.5,25490.0,107383.8667,42.1278,65.5,57.2381,1.2526,18095.2583,3743.7,-5795.4583,9
GC,GC_HALF_SLIPPAGE,GC half slippage,year,2024,1887,81125.8417,8491.5,18870.0,53764.3417,28.492,45.5,57.2867,1.3495,5042.55,1010.1,-1454.5,8
GC,GC_HALF_SLIPPAGE,GC half slippage,year,2025,2053,158308.6167,9238.5,20530.0,128540.1167,62.6109,114.7667,58.4023,1.417,10285.3917,2885.5,-2841.625,8
GC,GC_HALF_SLIPPAGE,GC half slippage,year,2026,572,93126.9583,2574.0,5720.0,84832.9583,148.3094,273.9,61.1888,1.3796,24086.1667,3929.5667,-5795.4583,7
GC,GC_HALF_SLIPPAGE,GC half slippage,direction,LONG,4512,332561.4167,20304.0,45120.0,267137.4167,59.206,75.5,58.289,1.3896,24086.1667,3929.5667,-5795.4583,8
GC,GC_HALF_SLIPPAGE,GC half slippage,exit_reason,stop,640,-405697.5833,2880.0,6400.0,-414977.5833,-648.4025,-435.4792,0.0,0.0,414977.5833,-67.7917,-5795.4583,640
GC,GC_HALF_SLIPPAGE,GC half slippage,exit_reason,stop_first_conflict,1,-283.3333,4.5,10.0,-297.8333,-297.8333,-297.8333,0.0,0.0,297.8333,-297.8333,-297.8333,1
GC,GC_HALF_SLIPPAGE,GC half slippage,exit_reason,target,1671,779252.3333,7519.5,16710.0,755022.8333,451.8389,311.9667,100.0,755022.8333,0.0,3929.5667,50.5,0
GC,GC_HALF_SLIPPAGE,GC half slippage,exit_reason,time_stop,2200,-40710.0,9900.0,22000.0,-72610.0,-33.0045,-24.5,43.5909,0.7314,74911.0,3235.5,-4634.5,11
GC,GC_DOUBLE_SLIPPAGE,GC double slippage,session,ASIA,1963,188217.05,8833.5,78520.0,100863.55,51.3823,54.1667,56.3423,1.3538,7399.5833,3899.5667,-4710.8333,11
GC,GC_DOUBLE_SLIPPAGE,GC double slippage,session,US,2549,144344.3667,11470.5,101960.0,30913.8667,12.1278,35.5,53.6681,1.0673,20548.2667,3713.7,-5825.4583,9
GC,GC_DOUBLE_SLIPPAGE,GC double slippage,year,2024,1887,81125.8417,8491.5,75480.0,-2845.6583,-1.508,15.5,51.9343,0.9842,17782.25,980.1,-1484.5,9
GC,GC_DOUBLE_SLIPPAGE,GC double slippage,year,2025,2053,158308.6167,9238.5,82120.0,66950.1167,32.6109,84.7667,56.1617,1.2001,11155.3917,2855.5,-2871.625,8
GC,GC_DOUBLE_SLIPPAGE,GC double slippage,year,2026,572,93126.9583,2574.0,22880.0,67672.9583,118.3094,243.9,59.6154,1.2939,24386.1667,3899.5667,-5825.4583,7
GC,GC_DOUBLE_SLIPPAGE,GC double slippage,direction,LONG,4512,332561.4167,20304.0,180480.0,131777.4167,29.206,45.5,54.8316,1.177,24386.1667,3899.5667,-5825.4583,9
GC,GC_DOUBLE_SLIPPAGE,GC double slippage,exit_reason,stop,640,-405697.5833,2880.0,25600.0,-434177.5833,-678.4025,-465.4792,0.0,0.0,434177.5833,-97.7917,-5825.4583,640
GC,GC_DOUBLE_SLIPPAGE,GC double slippage,exit_reason,stop_first_conflict,1,-283.3333,4.5,40.0,-327.8333,-327.8333,-327.8333,0.0,0.0,327.8333,-327.8333,-327.8333,1
GC,GC_DOUBLE_SLIPPAGE,GC double slippage,exit_reason,target,1671,779252.3333,7519.5,66840.0,704892.8333,421.8389,281.9667,100.0,704892.8333,0.0,3899.5667,20.5,0
GC,GC_DOUBLE_SLIPPAGE,GC double slippage,exit_reason,time_stop,2200,-40710.0,9900.0,88000.0,-138610.0,-63.0045,-54.5,36.5,0.5528,140056.0,3205.5,-4664.5,14
GC,GC_CONSERVATIVE_LIVE_PROXY,GC conservative live proxy,session,ASIA,1963,188217.05,8833.5,78520.0,100863.55,51.3823,54.1667,56.3423,1.3538,7399.5833,3899.5667,-4710.8333,11
GC,GC_CONSERVATIVE_LIVE_PROXY,GC conservative live proxy,session,US,2549,144344.3667,11470.5,101960.0,30913.8667,12.1278,35.5,53.6681,1.0673,20548.2667,3713.7,-5825.4583,9
GC,GC_CONSERVATIVE_LIVE_PROXY,GC conservative live proxy,year,2024,1887,81125.8417,8491.5,75480.0,-2845.6583,-1.508,15.5,51.9343,0.9842,17782.25,980.1,-1484.5,9
GC,GC_CONSERVATIVE_LIVE_PROXY,GC conservative live proxy,year,2025,2053,158308.6167,9238.5,82120.0,66950.1167,32.6109,84.7667,56.1617,1.2001,11155.3917,2855.5,-2871.625,8
GC,GC_CONSERVATIVE_LIVE_PROXY,GC conservative live proxy,year,2026,572,93126.9583,2574.0,22880.0,67672.9583,118.3094,243.9,59.6154,1.2939,24386.1667,3899.5667,-5825.4583,7
GC,GC_CONSERVATIVE_LIVE_PROXY,GC conservative live proxy,direction,LONG,4512,332561.4167,20304.0,180480.0,131777.4167,29.206,45.5,54.8316,1.177,24386.1667,3899.5667,-5825.4583,9
GC,GC_CONSERVATIVE_LIVE_PROXY,GC conservative live proxy,exit_reason,stop,640,-405697.5833,2880.0,25600.0,-434177.5833,-678.4025,-465.4792,0.0,0.0,434177.5833,-97.7917,-5825.4583,640
GC,GC_CONSERVATIVE_LIVE_PROXY,GC conservative live proxy,exit_reason,stop_first_conflict,1,-283.3333,4.5,40.0,-327.8333,-327.8333,-327.8333,0.0,0.0,327.8333,-327.8333,-327.8333,1
GC,GC_CONSERVATIVE_LIVE_PROXY,GC conservative live proxy,exit_reason,target,1671,779252.3333,7519.5,66840.0,704892.8333,421.8389,281.9667,100.0,704892.8333,0.0,3899.5667,20.5,0
GC,GC_CONSERVATIVE_LIVE_PROXY,GC conservative live proxy,exit_reason,time_stop,2200,-40710.0,9900.0,88000.0,-138610.0,-63.0045,-54.5,36.5,0.5528,140056.0,3205.5,-4664.5,14
