calendar_dte,target_credit,exit_target,slippage,mode,trades,win_rate,target_hit_rate,avg_pnl,median_pnl,total_pnl,profit_factor,avg_return_on_max_risk,worst_trade,max_drawdown,longest_losing_streak,missing_next_minute
2,5.0,0.5,0.0,next_minute,643,0.5754276827371695,0.5894245723172629,856.3712597200649,5847.040000000005,550646.7200000009,1.2295357824677027,0.08488422310276628,-10552.959999999943,143290.07999999987,10,17
2,5.0,0.5,0.0,persist_2,643,0.5598755832037325,0.5194401244167963,931.3323794712308,8747.040000000014,598846.7200000008,1.228511833043635,0.0921192141833804,-10652.959999999937,170590.0799999999,10,0
2,5.0,0.5,0.0,persist_3,643,0.5505443234836703,0.49922239502332816,781.9544634525685,8797.03999999999,502796.7200000005,1.1886910827014916,0.07752715874851018,-10652.959999999937,170490.0799999999,10,0
2,5.0,0.5,0.0,touch,643,0.6298600311041991,0.6158631415241057,2277.522115085536,8897.040000000092,1464446.7200000025,1.6657924290195438,0.2259250036560636,-10552.959999999943,134253.5999999998,8,0
2,5.0,0.5,0.05,next_minute,643,0.567651632970451,0.5800933125972006,696.7289580093341,5847.03999999999,447996.72000000137,1.181329462957138,0.06838855832996674,-10652.959999999943,158554.87999999942,10,18
2,5.0,0.5,0.05,persist_2,643,0.5583203732503889,0.5178849144634525,797.6620839813401,8747.039999999979,512896.7200000011,1.1926090062789882,0.07809403914290244,-10852.95999999993,181790.07999999993,10,0
2,5.0,0.5,0.05,persist_3,643,0.5505443234836703,0.49922239502332816,672.2344012441708,8747.039999999979,432246.72000000166,1.1597685600765315,0.06598174848826616,-10852.95999999993,180890.0799999998,10,0
2,5.0,0.5,0.05,touch,643,0.6251944012441679,0.6080870917573873,2075.3448211508558,8847.039999999979,1334446.7200000023,1.5906426012547545,0.20384120722504634,-10652.959999999943,139253.5999999998,8,0
2,5.0,0.5,0.1,next_minute,643,0.5552099533437014,0.5660964230171073,428.45524105754606,5447.040000000006,275496.7200000025,1.1072453000073377,0.0415370894844253,-10752.959999999941,198604.8799999994,10,19
2,5.0,0.5,0.1,persist_2,643,0.5583203732503889,0.5178849144634525,659.4039191290858,8597.04,423996.72000000236,1.1569549822679548,0.06389401887366913,-10952.95999999993,196340.0799999998,10,0
2,5.0,0.5,0.1,persist_3,643,0.5489891135303266,0.49455676516329705,508.93735614308287,8597.03999999999,327246.72000000253,1.1187910999545445,0.04941976408659597,-10952.95999999993,193890.07999999978,10,0
2,5.0,0.5,0.1,touch,643,0.614307931570762,0.5956454121306376,1736.8533748055997,8647.040000000039,1116796.7200000028,1.4740859478916286,0.16885097719266545,-10752.959999999941,142653.5999999999,8,0
2,5.0,0.5,0.15,next_minute,643,0.5536547433903577,0.5629860031104199,333.1986314152424,5647.039999999996,214246.72000000108,1.082257068065503,0.03191686208095505,-10852.959999999943,208154.8799999995,10,19
2,5.0,0.5,0.15,persist_2,643,0.552099533437014,0.5101088646967341,418.7351788491459,8447.040000000023,269246.72000000125,1.0968303531111065,0.04010700133183929,-11052.959999999932,232418.95999999993,10,0
2,5.0,0.5,0.15,persist_3,643,0.5458786936236392,0.48989113530326595,302.48323483670447,8447.039999999988,194496.72000000151,1.0691147188363044,0.029082563474518524,-11052.959999999932,238368.95999999993,10,0
2,5.0,0.5,0.15,touch,643,0.6111975116640747,0.5925349922239502,1551.0057853810258,8597.039999999979,997296.7200000002,1.4139551965598471,0.14926820739662133,-10852.959999999943,146703.6,8,0
2,5.0,0.5,0.25,next_minute,643,0.5427682737169518,0.5427682737169518,-121.85580093312397,4847.040000000005,-78353.27999999776,0.9716467798835484,-0.011722275060781042,-11052.959999999943,287239.3599999995,10,20
2,5.0,0.5,0.25,persist_2,643,0.5458786936236392,0.49455676516329705,64.45835147745171,8197.03999999999,41446.72000000229,1.0143956492842627,0.005860026158789274,-11252.95999999993,300318.95999999944,11,0
2,5.0,0.5,0.25,persist_3,643,0.5396578538102644,0.4758942457231726,-44.40634525660706,8197.039999999977,-28553.279999997445,0.9902007606383828,-0.004285518385337309,-11252.95999999993,298818.9599999994,11,0
2,5.0,0.5,0.25,touch,643,0.5956454121306376,0.5738724727838258,1004.8160497667186,8347.039999999979,646096.7199999993,1.251456289973042,0.09478993034875267,-11052.959999999943,211489.35999999975,8,0
2,5.0,1.0,0.0,next_minute,643,0.5956454121306376,0.6376360808709176,643.8518195956473,4547.040000000008,413996.72000000125,1.185091023479213,0.06392501486769053,-10552.959999999943,132189.11999999956,8,17
2,5.0,1.0,0.0,persist_2,643,0.5863141524105754,0.5629860031104199,958.2375116640766,7897.039999999977,616146.7200000006,1.2487434101518837,0.09482394539856094,-10652.959999999937,143153.5999999999,10,0
2,5.0,1.0,0.0,persist_3,643,0.567651632970451,0.5396578538102644,646.9622395023348,7847.0399999999845,415996.7200000012,1.1608728422875987,0.06414306113051985,-10652.959999999937,166140.08,10,0
2,5.0,1.0,0.0,touch,643,0.671850699844479,0.6640746500777605,2599.839377916018,7947.04,1671696.7200000053,1.8570937601401092,0.25799390381353293,-10552.959999999943,119253.59999999977,8,0
2,5.0,1.0,0.05,next_minute,643,0.5909797822706065,0.6298600311041991,545.4847900466591,4747.03999999993,350746.72000000236,1.1535683120797253,0.05365308749480704,-10652.959999999943,143227.19999999937,8,18
2,5.0,1.0,0.05,persist_2,643,0.5754276827371695,0.552099533437014,699.8393779160214,7847.039999999977,449996.7200000018,1.1754094108879627,0.06854165852863811,-10852.95999999993,180982.47999999975,10,0
2,5.0,1.0,0.05,persist_3,643,0.5614307931570762,0.5318818040435459,435.53144634525927,7847.039999999953,280046.7200000022,1.1053526182334004,0.04281696575443215,-10852.95999999993,193840.08000000005,10,0
2,5.0,1.0,0.05,touch,643,0.6671850699844479,0.6578538102643857,2399.372814930015,7847.0400000000345,1542796.7200000044,1.7692508270810308,0.23573171927211828,-10652.959999999943,128503.59999999977,8,0
2,5.0,1.0,0.1,next_minute,643,0.5878693623639192,0.6283048211508554,399.139533437017,4547.039999999929,256646.72000000213,1.110467198936134,0.03890248166403649,-10752.959999999941,184977.19999999923,8,18
2,5.0,1.0,0.1,persist_2,643,0.5738724727838258,0.5505443234836703,544.3183825816518,7647.040000000073,349996.72000000253,1.1339720342776933,0.052785340839130585,-10952.95999999993,217868.95999999935,10,0
2,5.0,1.0,0.1,persist_3,643,0.5583203732503889,0.5272161741835147,288.01978227060977,7747.039999999978,185196.72000000253,1.06854338116365,0.02804644806473283,-10952.95999999993,210318.9599999994,10,0
2,5.0,1.0,0.1,touch,643,0.6656298600311042,0.656298600311042,2240.1193157076204,7747.040000000046,1440396.7200000025,1.7044412766359607,0.21797087202591256,-10752.959999999941,132503.5999999998,8,0
2,5.0,1.0,0.15,next_minute,643,0.583203732503888,0.6267496111975117,291.0524416796285,4847.0400000000345,187146.7200000013,1.0791035997955096,0.028129313617791182,-10852.959999999943,211727.1999999996,9,17
2,5.0,1.0,0.15,persist_2,643,0.5738724727838258,0.5505443234836703,410.25928460342294,7547.040000000059,263796.7200000013,1.0996037759347284,0.039355791101246665,-11052.959999999932,246768.95999999996,10,0
2,5.0,1.0,0.15,persist_3,643,0.5583203732503889,0.5256609642301711,140.197076205289,7547.040000000074,90146.72000000092,1.0329087825452568,0.013526869959268708,-11052.959999999932,247218.95999999996,10,0
2,5.0,1.0,0.15,touch,643,0.6625194401244168,0.6531881804043546,2056.449020217727,7647.040000000022,1322296.7200000004,1.6331497438722735,0.19816559373099085,-10852.959999999943,137303.59999999998,8,0
2,5.0,1.0,0.25,next_minute,643,0.567651632970451,0.6174183514774495,-92.46233281492773,4547.040000000023,-59453.279999997576,0.9763037374879936,-0.008736575448549689,-11052.959999999943,281839.3599999995,9,16
2,5.0,1.0,0.25,persist_2,643,0.567651632970451,0.5443234836702955,53.10531881804264,7347.040000000011,34146.720000002366,1.0124347464514554,0.004823545153446454,-11252.95999999993,332418.9599999995,10,0
2,5.0,1.0,0.25,persist_3,643,0.552099533437014,0.5163297045101088,-205.21505443234628,7347.039999999988,-131953.2799999978,0.9535507023353545,-0.019377232263230928,-11252.95999999993,343568.9599999996,10,0
2,5.0,1.0,0.25,touch,643,0.6516329704510109,0.6423017107309487,1603.3386003110404,7447.04,1030946.7200000011,1.466299081577635,0.15152314357872992,-11052.959999999943,164303.59999999998,8,0
2,5.0,2.0,0.0,next_minute,643,0.6547433903576982,0.7465007776049767,512.2032970451039,3347.039999999977,329346.72000000224,1.190659582322443,0.051365677001028294,-10552.959999999943,117153.59999999992,6,15
2,5.0,2.0,0.0,persist_2,643,0.6516329704510109,0.6360808709175739,1090.352597200623,5947.0400000000145,701096.7200000001,1.3341876934994483,0.1084144549268151,-10652.959999999937,101841.44000000012,9,0
2,5.0,2.0,0.0,persist_3,643,0.6251944012441679,0.6080870917573873,687.086656298602,6047.0399999999945,441796.72000000044,1.1961175921645069,0.06853626878717721,-10652.959999999937,116565.11999999973,10,0
2,5.0,2.0,0.0,touch,643,0.7713841368584758,0.7698289269051322,3190.35259720062,6147.039999999989,2051396.720000006,2.4988631301526265,0.31705627149134513,-10552.959999999943,104053.6000000001,6,0
2,5.0,2.0,0.05,next_minute,643,0.6376360808709176,0.7402799377916018,309.55944012442035,3147.039999999978,199046.72000000265,1.1107174672401139,0.030808168126834432,-10652.959999999943,124253.5999999999,6,18
2,5.0,2.0,0.05,persist_2,643,0.6423017107309487,0.6283048211508554,853.3386003110434,5947.039999999996,548696.7200000007,1.252270781636755,0.08412535002392754,-10852.95999999993,107041.44000000003,9,0
2,5.0,2.0,0.05,persist_3,643,0.6205287713841369,0.6034214618973561,517.2577293934703,5947.04,332596.7200000015,1.1438646626943438,0.051239120515186885,-10852.95999999993,128278.24000000005,10,0
2,5.0,2.0,0.05,touch,643,0.7698289269051322,0.7682737169517885,3053.6496423017097,6047.040000000026,1963496.7200000058,2.403712791147045,0.30051669173637763,-10652.959999999943,108853.6000000001,6,0
2,5.0,2.0,0.1,next_minute,643,0.6283048211508554,0.7325038880248833,132.187744945571,2947.0400000000204,84996.72000000214,1.0453749639175112,0.013286738176815952,-10752.959999999941,130637.11999999949,10,18
2,5.0,2.0,0.1,persist_2,643,0.6391912908242613,0.6251944012441679,678.1441990668757,5847.039999999984,436046.72000000137,1.1959904365476384,0.06625583847055723,-10952.95999999993,122782.79999999981,9,0
2,5.0,2.0,0.1,persist_3,643,0.6174183514774495,0.6018662519440124,368.50189735614555,5847.039999999997,236946.72000000186,1.1006237971903126,0.03635334884929021,-10952.95999999993,139278.23999999996,10,0
2,5.0,2.0,0.1,touch,643,0.7636080870917574,0.76049766718507,2831.099097978226,5947.04000000002,1820396.7200000053,2.247616215344604,0.275919966683674,-10752.959999999941,111953.60000000006,6,0
2,5.0,2.0,0.15,next_minute,643,0.6267496111975117,0.7325038880248833,60.95912908242774,2947.0399999999654,39196.72000000094,1.020611840053047,0.006106728419219556,-10852.959999999943,139706.47999999992,10,18
2,5.0,2.0,0.15,persist_2,643,0.6376360808709176,0.6205287713841369,541.0524416796269,5747.040000000005,347896.72000000026,1.1538828326569575,0.05216972283752444,-11052.959999999932,150932.80000000008,9,0
2,5.0,2.0,0.15,persist_3,643,0.6127527216174183,0.5956454121306376,166.32460342146308,5747.039999999998,106946.72000000085,1.0443332412621813,0.01622723592852218,-11052.959999999932,197710.08000000002,10,0
2,5.0,2.0,0.15,touch,643,0.7636080870917574,0.76049766718507,2707.3043856920654,5847.040000000014,1740796.7200000035,2.177487022591299,0.26133066912054975,-10852.959999999943,115153.60000000006,6,0
2,5.0,2.0,0.25,next_minute,643,0.6080870917573873,0.7231726283048211,-258.3254743390336,2647.0399999999886,-166103.27999999814,0.9171511706203748,-0.024161698883300876,-11052.959999999943,243842.79999999865,10,18
2,5.0,2.0,0.25,persist_2,643,0.6267496111975117,0.609642301710731,101.86115085536615,5447.040000000071,65496.72000000138,1.0274267434776838,0.009591969517360155,-11252.95999999993,266760.3999999994,9,0
2,5.0,2.0,0.25,persist_3,643,0.6080870917573873,0.5894245723172629,-159.33636080870718,5547.039999999965,-102453.27999999792,0.9591134780042326,-0.014947255828295924,-11252.95999999993,257110.07999999967,10,0
2,5.0,2.0,0.25,touch,643,0.7542768273716952,0.7511664074650077,2290.8191601866224,5647.039999999992,1472996.7200000014,1.9382636674300109,0.2170445784230604,-11052.959999999943,123953.59999999982,6,0
2,5.0,3.0,0.0,next_minute,643,0.6516329704510109,0.8413685847589425,111.97001555210187,1447.04,71996.72000000149,1.0587194798939616,0.011710248464104492,-10552.959999999943,79960.80000000013,6,23
2,5.0,3.0,0.0,persist_2,643,0.7340590979782271,0.7231726283048211,1048.6729704510121,4047.0400000000227,674296.720000001,1.4211705968701676,0.10409340570071994,-10552.959999999943,91465.11999999991,5,0
2,5.0,3.0,0.0,persist_3,643,0.7013996889580093,0.6889580093312597,601.8611508553669,4147.03999999996,386996.7200000009,1.2157751697791492,0.060050043350475896,-10552.959999999943,105265.11999999992,6,0
2,5.0,3.0,0.0,touch,643,0.8755832037325039,0.8771384136858476,3285.0648833592545,4347.040000000005,2112296.720000007,3.879016932020601,0.32669643206157967,-10552.959999999943,46812.16000000003,3,0
2,5.0,3.0,0.05,next_minute,643,0.6267496111975117,0.8351477449455676,-103.1932814929981,1247.0400000000006,-66353.27999999773,0.9493316383116083,-0.009628567659217362,-10652.959999999943,104909.03999999791,7,21
2,5.0,3.0,0.05,persist_2,643,0.7200622083981337,0.7091757387247278,799.3728149300182,4047.0399999999836,513996.7200000016,1.3020342666526037,0.0786911015724817,-10652.959999999943,107965.11999999988,6,0
2,5.0,3.0,0.05,persist_3,643,0.6951788491446346,0.6827371695178849,470.44590979782475,4147.039999999964,302496.72000000137,1.1629717174575807,0.04666011511081622,-10852.95999999993,118300.63999999982,6,0
2,5.0,3.0,0.05,touch,643,0.8662519440124417,0.8678071539657853,3067.9575738724748,4247.040000000001,1972696.7200000084,3.4597076106400353,0.3019596225908607,-10652.959999999943,50012.159999999974,3,0
2,5.0,3.0,0.1,next_minute,643,0.6034214618973561,0.8304821150855366,-277.4545567651592,1047.0400000000013,-178403.27999999694,0.8707835731277693,-0.026422454800341333,-10752.959999999941,211308.87999999683,7,21
2,5.0,3.0,0.1,persist_2,643,0.71850699844479,0.7076205287713841,678.8440435458813,3947.0399999999777,436496.72000000183,1.2516214457929975,0.06618676447438733,-10752.959999999941,110565.11999999985,6,0
2,5.0,3.0,0.1,persist_3,643,0.6936236391912908,0.6827371695178849,343.85181959564744,3947.0400000000063,221096.72000000157,1.1174994437958365,0.03392221485239332,-10952.95999999993,122700.63999999987,6,0
2,5.0,3.0,0.1,touch,643,0.8615863141524106,0.8631415241057543,2875.344821150858,4147.0399999999945,1848846.7200000077,3.193270351084281,0.2802544791946466,-10752.959999999941,51912.159999999974,3,0
2,5.0,3.0,0.15,next_minute,643,0.5925349922239502,0.8273716951788491,-418.82314152410424,847.040000000027,-269303.2799999989,0.8140973797010042,-0.03980154923579149,-10852.959999999943,299208.87999999867,7,22
2,5.0,3.0,0.15,persist_2,643,0.7091757387247278,0.6982892690513219,450.8502643856926,3847.0399999999854,289896.7200000003,1.1594193730065823,0.04354054632744828,-10852.959999999943,146177.83999999994,6,0
2,5.0,3.0,0.15,persist_3,643,0.6842923794712286,0.6734059097978227,83.19863141524193,3847.0400000000136,53496.72000000061,1.0271791373684764,0.008457808373708731,-11052.959999999932,140677.84000000003,6,0
2,5.0,3.0,0.15,touch,643,0.8600311041990669,0.8615863141524106,2752.0166718507,4047.039999999988,1769546.7200000049,3.0468631017294876,0.2657505940701867,-10852.959999999943,54912.16000000009,3,0
2,5.0,3.0,0.25,next_minute,643,0.5629860031104199,0.8258164852255054,-742.4623328149285,547.0400000000227,-477403.27999999863,0.6940961396300203,-0.06965436031950882,-11052.959999999943,500461.83999999845,7,20
2,5.0,3.0,0.25,persist_2,643,0.702954898911353,0.6920684292379471,84.13175738724854,3547.0400000000654,54096.72000000107,1.028360525509104,0.008090372574402253,-11052.959999999943,217960.3999999997,6,0
2,5.0,3.0,0.25,persist_3,643,0.6780715396578538,0.6671850699844479,-248.6054121306364,3647.039999999971,-159853.27999999863,0.9223603417244477,-0.023098906996661474,-11252.95999999993,254081.2799999992,6,0
2,5.0,3.0,0.25,touch,643,0.8553654743390358,0.8569206842923794,2437.708740279937,3747.0400000000254,1567446.720000004,2.7069464398519045,0.23095951183049557,-11052.959999999943,64253.600000000035,3,0
2,6.0,0.5,0.0,next_minute,643,0.5178849144634525,0.49922239502332816,1269.3572628304823,1047.0399999999943,816196.7199999999,1.360858771282005,0.15590830867447697,-10252.959999999988,121853.6000000001,8,16
2,6.0,0.5,0.0,persist_2,643,0.47900466562986005,0.43390357698289267,1208.5485536547433,-3552.9599999999823,777096.7199999997,1.312904911778246,0.14805898866116438,-10252.959999999988,114153.6000000001,12,0
2,6.0,0.5,0.0,persist_3,643,0.47433903576982894,0.4199066874027994,1155.4381337480559,-3552.9600000001137,742946.7200000002,1.2975058873549663,0.14137530091367925,-10252.959999999988,112653.60000000011,12,0
2,6.0,0.5,0.0,touch,643,0.5598755832037325,0.5241057542768274,2728.688522550545,10647.03999999999,1754546.7200000056,1.8287157234922213,0.3368521957301423,-10252.959999999988,113703.60000000015,8,0
2,6.0,0.5,0.05,next_minute,643,0.5085536547433903,0.49144634525660963,1098.8284914463468,647.0399999999779,706546.7200000009,1.3017321706313898,0.13315365281140012,-10352.959999999988,126703.6000000001,12,15
2,6.0,0.5,0.05,persist_2,643,0.4727838258164852,0.42923794712286156,1025.2670606531883,-3852.960000000022,659246.7199999996,1.2590255113560398,0.12378365891969925,-10352.959999999988,117753.60000000008,12,0
2,6.0,0.5,0.05,persist_3,643,0.46967340590979784,0.4121306376360809,980.2437325038884,-3952.9599999999878,630296.7199999997,1.2465554734160478,0.1182723131377538,-10352.959999999988,116353.6000000001,12,0
2,6.0,0.5,0.05,touch,643,0.5489891135303266,0.5147744945567652,2440.2748367029567,10447.039999999966,1569096.7200000058,1.7137583753404437,0.2974714501704859,-10352.959999999988,116953.59999999992,12,0
2,6.0,0.5,0.1,next_minute,643,0.505443234836703,0.48522550544323484,910.7258475894249,347.03999999995597,585596.7199999995,1.2443507753807663,0.1088949606179472,-10452.959999999986,130703.60000000002,12,15
2,6.0,0.5,0.1,persist_2,643,0.4727838258164852,0.4276827371695179,890.585878693624,-4052.9600000000214,572646.7199999992,1.2212525921069075,0.10608573297476444,-10452.959999999986,121103.6,12,0
2,6.0,0.5,0.1,persist_3,643,0.46967340590979784,0.40746500777604977,837.0088958009336,-4152.959999999987,538196.719999999,1.2070139173589307,0.09958886961686995,-10452.959999999986,121253.60000000002,12,0
2,6.0,0.5,0.1,touch,643,0.5427682737169518,0.5085536547433903,2200.5392223950253,10047.040000000025,1414946.720000005,1.6258416316718898,0.26492684532756033,-10452.959999999986,120803.59999999989,12,0
2,6.0,0.5,0.15,next_minute,643,0.4976671850699845,0.48055987558320373,776.5889891135282,-552.9599999999787,499346.7199999983,1.2025085119426802,0.0915536554081739,-10552.959999999988,128953.60000000008,12,15
2,6.0,0.5,0.15,persist_2,643,0.46967340590979784,0.4230171073094868,729.6994090202163,-4352.95999999999,469196.71999999863,1.1778062209086657,0.08549131995272734,-10552.959999999988,125253.60000000006,12,0
2,6.0,0.5,0.15,persist_3,643,0.46500777604976673,0.39968895800933124,647.0399999999988,-4452.96000000007,416046.71999999904,1.1564868883377546,0.07564836588561656,-10552.959999999988,125803.60000000006,12,0
2,6.0,0.5,0.15,touch,643,0.536547433903577,0.5038880248833593,1991.1302021772935,9497.04000000001,1280296.7200000028,1.551523478633908,0.2368494988271958,-10552.959999999988,124453.60000000006,12,0
2,6.0,0.5,0.25,next_minute,643,0.48367029548989116,0.4681181959564541,469.43502332814796,-1452.9600000005457,301846.71999999956,1.1170001712325952,0.05332327774411434,-10752.959999999988,137903.60000000003,12,16
2,6.0,0.5,0.25,persist_2,643,0.4665629860031104,0.4121306376360809,427.5998755832031,-4752.9600000000455,274946.7200000002,1.1006424767315677,0.048427590875781655,-10752.959999999988,152919.99999999977,12,0
2,6.0,0.5,0.25,persist_3,643,0.4618973561430793,0.39502332814930013,353.7274027993775,-4852.960000000068,227446.72000000015,1.0826245477398748,0.03981851382871149,-10752.959999999988,162923.59999999954,12,0
2,6.0,0.5,0.25,touch,643,0.5256609642301711,0.49300155520995337,1559.9482426127524,7347.039999999807,1003046.7200000013,1.4116663180867726,0.18071363486441794,-10752.959999999988,133253.59999999998,12,0
2,6.0,1.0,0.0,next_minute,643,0.5381026438569206,0.5458786936236392,1140.1970762052879,2047.0399999999659,733146.7199999995,1.3452004274242242,0.14043377427772658,-10252.959999999988,126903.6000000001,8,21
2,6.0,1.0,0.0,persist_2,643,0.49611197511664074,0.4556765163297045,1187.3199377916014,-752.9600000000455,763446.7199999997,1.3183270826515399,0.14537037408103795,-10252.959999999988,121203.60000000008,12,0
2,6.0,1.0,0.0,persist_3,643,0.48522550544323484,0.4416796267496112,1014.8471539657853,-2752.959999999932,652546.7199999996,1.2667288447136038,0.12424538869134166,-10252.959999999988,120903.60000000006,12,0
2,6.0,1.0,0.0,touch,643,0.6018662519440124,0.578538102643857,3168.035334370141,9847.040000000035,2037046.7200000065,2.063644344369844,0.3921844010885777,-10252.959999999988,119053.60000000015,8,0
2,6.0,1.0,0.05,next_minute,643,0.5287713841368584,0.5427682737169518,947.5843234836701,1547.0399999999552,609296.7200000001,1.2783006775061672,0.11532750881574504,-10352.959999999988,131903.60000000006,8,18
2,6.0,1.0,0.05,persist_2,643,0.48833592534992226,0.4510108864696734,990.8969206842925,-1652.9600000000476,637146.7199999995,1.2585115765256856,0.11990260152328946,-10352.959999999988,124903.60000000003,12,0
2,6.0,1.0,0.05,persist_3,643,0.4821150855365474,0.4385692068429238,865.1581959564544,-2952.9600000001583,556296.7199999992,1.2231268711602798,0.104489220780648,-10352.959999999988,125303.60000000003,12,0
2,6.0,1.0,0.05,touch,643,0.5925349922239502,0.5707620528771384,2905.282612752723,9747.040000000037,1868096.7200000072,1.9399817504041805,0.35542751288235636,-10352.959999999988,123453.59999999998,8,0
2,6.0,1.0,0.1,next_minute,643,0.52099533437014,0.536547433903577,764.147309486781,1247.0399999998763,491346.71999999956,1.2172455155734145,0.091608344226197,-10452.959999999986,136503.60000000003,8,18
2,6.0,1.0,0.1,persist_2,643,0.4867807153965785,0.4494556765163297,826.1224261275277,-1952.9599999999987,531196.7199999989,1.21126797041658,0.0985832370783295,-10452.959999999986,128953.6,12,0
2,6.0,1.0,0.1,persist_3,643,0.47900466562986005,0.4354587869362364,705.7491757387255,-3352.9599999998622,453796.7199999993,1.1784078544684666,0.0839778536146769,-10452.959999999986,128653.6,12,0
2,6.0,1.0,0.1,touch,643,0.5863141524105754,0.5645412130637636,2667.8020528771417,9647.040000000039,1715396.720000007,1.8362945060269962,0.32219259430696906,-10452.959999999986,128053.59999999989,8,0
2,6.0,1.0,0.15,next_minute,643,0.5163297045101088,0.5334370139968896,641.207962674959,1047.0399999998735,412296.719999999,1.1787488001234234,0.07561041501313573,-10552.959999999988,139553.6000000001,10,17
2,6.0,1.0,0.15,persist_2,643,0.48367029548989116,0.4463452566096423,663.1364230171056,-2552.9599999999505,426396.719999999,1.1664160779275403,0.07797623142039216,-10552.959999999988,138427.20000000112,12,0
2,6.0,1.0,0.15,persist_3,643,0.4774494556765163,0.4354587869362364,596.6511975116628,-3552.959999999865,383646.7199999991,1.1483641847366162,0.06996413749269827,-10552.959999999988,133253.60000000006,12,0
2,6.0,1.0,0.15,touch,643,0.583203732503888,0.5598755832037325,2513.447465007777,9547.04000000001,1616146.7200000042,1.772686896374049,0.2998808657087528,-10552.959999999988,131503.6,8,0
2,6.0,1.0,0.25,next_minute,643,0.5023328149300156,0.5241057542768274,331.0990979782257,147.04000000004547,212896.7199999994,1.088428887292433,0.03782019027483907,-10752.959999999988,157318.96000000113,11,16
2,6.0,1.0,0.25,persist_2,643,0.4821150855365474,0.4447900466562986,397.5065629860024,-2952.959999999949,255596.71999999997,1.0966527147161615,0.04523523943353678,-10752.959999999988,190127.2000000009,12,0
2,6.0,1.0,0.25,persist_3,643,0.4758942457231726,0.43390357698289267,333.82071539657807,-3952.9599999998636,214646.72000000026,1.0804101743527559,0.03776201212346232,-10752.959999999988,180827.2000000009,12,0
2,6.0,1.0,0.25,touch,643,0.5738724727838258,0.5489891135303266,2086.2312908242625,9347.039999999964,1341446.7200000035,1.6103002649158742,0.24309393012321887,-10752.959999999988,139753.6,8,0
2,6.0,2.0,0.0,next_minute,643,0.5956454121306376,0.6485225505443235,936.8533748056003,2647.0400000000454,602396.7200000006,1.341771876696393,0.11702085657181066,-10252.959999999988,106053.59999999982,8,26
2,6.0,2.0,0.0,persist_2,643,0.5536547433903577,0.5256609642301711,1367.7242923794713,7847.039999999977,879446.7200000006,1.4080013527444504,0.16897052092055714,-10252.959999999988,113253.60000000006,8,0
2,6.0,2.0,0.0,persist_3,643,0.5318818040435459,0.5007776049766719,1045.1737480559875,7747.039999999997,672046.7199999995,1.2970055927214985,0.128901374697492,-10252.959999999988,114903.6000000001,8,0
2,6.0,2.0,0.0,touch,643,0.6982892690513219,0.6889580093312597,3942.0633281492997,8147.0399999999745,2534746.7200000063,2.7391365489931507,0.4892011315001477,-10252.959999999988,87200.64000000019,8,0
2,6.0,2.0,0.05,next_minute,643,0.5925349922239502,0.6438569206842923,787.5532192846052,2447.0400000000463,506396.7200000009,1.2794567414055746,0.09691005019348507,-10352.959999999988,110053.59999999989,8,25
2,6.0,2.0,0.05,persist_2,643,0.5427682737169518,0.5178849144634525,1135.920248833593,7747.039999999958,730396.72,1.3270086191692874,0.13870870561725548,-10352.959999999988,117353.60000000006,8,0
2,6.0,2.0,0.05,persist_3,643,0.5241057542768274,0.49455676516329705,859.5594401244173,7547.039999999998,552696.7199999994,1.2369439060289442,0.10456645280965292,-10352.959999999988,117103.60000000003,12,0
2,6.0,2.0,0.05,touch,643,0.6905132192846034,0.6827371695178849,3726.511228615864,8047.039999999998,2396146.7200000067,2.5814698563902208,0.45689063959587073,-10352.959999999988,91200.64000000013,8,0
2,6.0,2.0,0.1,next_minute,643,0.5816485225505443,0.6391912908242613,589.9637947122878,2247.040000000047,379346.72000000096,1.2023564296589697,0.07182149321729499,-10452.959999999986,131803.59999999971,8,24
2,6.0,2.0,0.1,persist_2,643,0.5396578538102644,0.5147744945567652,964.4583514774502,7647.039999999952,620146.7199999995,1.2713424584573279,0.1162920250889837,-10452.959999999986,121753.60000000003,8,0
2,6.0,2.0,0.1,persist_3,643,0.52099533437014,0.49144634525660963,711.1924105754282,7347.039999999997,457296.7199999997,1.1926018070213986,0.08529319995000251,-10452.959999999986,128953.60000000003,12,0
2,6.0,2.0,0.1,touch,643,0.6858475894245724,0.6765163297045101,3537.2421772939365,7947.040000000007,2274446.7200000067,2.4534153895482307,0.4284268587385975,-10452.959999999986,110200.64000000013,8,0
2,6.0,2.0,0.15,next_minute,643,0.5754276827371695,0.6345256609642301,461.347931570762,2047.040000000101,296646.7200000002,1.1549426591435716,0.05535119031757534,-10552.959999999988,136903.59999999983,8,23
2,6.0,2.0,0.15,persist_2,643,0.5334370139968896,0.5085536547433903,767.802052877137,7547.039999999981,493696.71999999916,1.210784411840558,0.09136673279786114,-10552.959999999988,127487.1200000002,12,0
2,6.0,2.0,0.15,persist_3,643,0.5163297045101088,0.4867807153965785,537.0866562985989,6647.03999999984,345346.71999999933,1.1422192097078396,0.0633507464189195,-10552.959999999988,132953.60000000003,12,0
2,6.0,2.0,0.15,touch,643,0.6780715396578538,0.6702954898911353,3311.036889580093,7847.039999999993,2128996.720000004,2.3142257495900984,0.3964405153055478,-10552.959999999988,114500.64000000028,8,0
2,6.0,2.0,0.25,next_minute,643,0.5489891135303266,0.6283048211508554,144.7849455676525,1747.0399999999545,93096.72000000057,1.045911149967378,0.017271985641396086,-10752.959999999988,143403.59999999974,9,24
2,6.0,2.0,0.25,persist_2,643,0.5303265940902022,0.5069984447900466,471.9233592534985,7247.03999999999,303446.71999999986,1.1251897690308217,0.054775942691561955,-10752.959999999988,150837.1200000001,12,0
2,6.0,2.0,0.25,persist_3,643,0.5147744945567652,0.48522550544323484,272.2344012441672,6247.039999999841,175046.71999999974,1.0699061804339651,0.031073323409727818,-10752.959999999988,154423.59999999974,12,0
2,6.0,2.0,0.25,touch,643,0.671850699844479,0.6656298600311042,2962.203297045101,7547.040000000023,1904696.7200000053,2.122671979709524,0.3466853165145835,-10752.959999999988,122900.63999999993,8,0
2,6.0,3.0,0.0,next_minute,643,0.6220839813374806,0.7620528771384136,574.4894556765155,1847.040000000091,369396.72,1.2664874523838856,0.07175789256691613,-10252.959999999988,75141.76000000002,7,19
2,6.0,3.0,0.0,persist_2,643,0.6205287713841369,0.5956454121306376,1366.8689269051324,5947.0400000000145,878896.7200000006,1.4794272624578304,0.16932055096984294,-10252.959999999988,87353.59999999992,8,0
2,6.0,3.0,0.0,persist_3,643,0.5940902021772939,0.5645412130637636,982.2655054432345,5947.04,631596.7199999996,1.3208725486398838,0.12196353086745727,-10252.959999999988,88953.59999999998,8,0
2,6.0,3.0,0.0,touch,643,0.7978227060653188,0.7916018662519441,4219.746065318815,6347.039999999977,2713296.720000005,3.790352872648783,0.5229256896043846,-10252.959999999988,56676.63999999978,5,0
2,6.0,3.0,0.05,next_minute,643,0.6065318818040435,0.7542768273716952,396.2623950233278,1647.0400000000916,254796.71999999997,1.1751542697276331,0.04919129129121106,-10352.959999999988,80712.47999999984,7,18
2,6.0,3.0,0.05,persist_2,643,0.609642301710731,0.5878693623639192,1180.9435769828933,5947.039999999975,759346.7200000003,1.3993423777914027,0.14458780922829595,-10352.959999999988,91053.60000000006,8,0
2,6.0,3.0,0.05,persist_3,643,0.5863141524105754,0.5583203732503889,816.3246034214623,5847.040000000037,524896.7199999997,1.2586924865691056,0.10017797309097776,-10352.959999999988,89453.60000000003,8,0
2,6.0,3.0,0.05,touch,643,0.7869362363919129,0.7822706065318819,3981.954463452564,6247.0400000000145,2560396.720000005,3.4679580672528623,0.48755723848486965,-10352.959999999988,57176.63999999972,5,0
2,6.0,3.0,0.1,next_minute,643,0.6034214618973561,0.7465007776049767,248.67297045101157,1647.0399999999672,159896.7200000007,1.1060671382273586,0.03089955520100763,-10452.959999999986,94037.11999999957,5,20
2,6.0,3.0,0.1,persist_2,643,0.6018662519440124,0.5800933125972006,934.1317573872482,5747.040000000046,600646.7200000003,1.3045477787852704,0.11303006079267891,-10452.959999999986,95853.6,8,0
2,6.0,3.0,0.1,persist_3,643,0.5800933125972006,0.5536547433903577,633.0431104199073,5747.040000000017,407046.71999999986,1.1951467632463617,0.07669923759733702,-10452.959999999986,99839.43999999971,8,0
2,6.0,3.0,0.1,touch,643,0.7822706065318819,0.7776049766718507,3816.9466874027967,6147.0399999999945,2454296.7200000044,3.2733086183363365,0.4618109618501364,-10452.959999999986,58376.639999999665,5,0
2,6.0,3.0,0.15,next_minute,643,0.5894245723172629,0.7418351477449455,69.5127838258152,1447.0399999999645,44696.71999999912,1.028675981411574,0.009178515516062353,-10552.959999999988,115387.1199999997,7,18
2,6.0,3.0,0.15,persist_2,643,0.5956454121306376,0.5754276827371695,775.1115396578531,5647.040000000018,498396.7199999993,1.2462653884763304,0.0927303156801177,-10552.959999999988,106487.1200000002,8,0
2,6.0,3.0,0.15,persist_3,643,0.5723172628304821,0.5474339035769828,464.45835147744884,5647.040000000011,298646.72000000003,1.1390953972494589,0.05559417012549183,-10552.959999999988,104152.23999999953,8,0
2,6.0,3.0,0.15,touch,643,0.7744945567651633,0.7698289269051322,3606.4490202177262,5947.040000000057,2318946.7200000035,3.0596763134091223,0.4313332634243943,-10552.959999999988,59476.639999999665,5,0
2,6.0,3.0,0.25,next_minute,643,0.5629860031104199,0.7340590979782271,-253.42656298600323,1147.0400000000739,-162953.28,0.9029393946122842,-0.02874289488340107,-10752.959999999988,220509.2799999992,8,18
2,6.0,3.0,0.25,persist_2,643,0.5878693623639192,0.5692068429237948,437.39769828926836,5447.04,281246.71999999974,1.1325457315205345,0.051172657568895864,-10752.959999999988,132037.12000000008,9,0
2,6.0,3.0,0.25,persist_3,643,0.5660964230171073,0.5427682737169518,165.31371695178777,5447.04,106296.71999999936,1.0475499301303166,0.019346962766704973,-10752.959999999988,156952.23999999982,9,0
2,6.0,3.0,0.25,touch,643,0.7651632970451011,0.7620528771384136,3236.075769828924,5747.040000000011,2080796.7200000018,2.727236632190066,0.37824635384841393,-10752.959999999988,77318.07999999996,7,0
2,7.0,0.5,0.0,next_minute,643,0.39346811819595645,0.38724727838258166,1076.900031104196,-4952.960000000091,692446.7199999976,1.3237843894831627,0.17589211988924575,-10252.959999999988,121309.8400000006,14,20
2,7.0,0.5,0.0,persist_2,643,0.38724727838258166,0.32192846034214617,1312.8253810264357,-5452.960000000035,844146.7199999986,1.3829169886269501,0.21379975938917042,-10252.959999999988,108950.96000000065,15,0
2,7.0,0.5,0.0,persist_3,643,0.3810264385692068,0.30637636080870917,1179.4661275272126,-5452.960000000091,758396.7199999979,1.340664430034503,0.19103610699905804,-10252.959999999988,108100.96000000066,15,0
2,7.0,0.5,0.0,touch,643,0.4556765163297045,0.41835147744945567,2677.677636080865,-4052.96,1721746.7199999979,1.8757229948232208,0.43903897256549357,-10252.959999999988,100259.52000000057,13,0
2,7.0,0.5,0.05,next_minute,643,0.39035769828926903,0.3856920684292379,999.9948989113501,-5252.960000000001,642996.7199999976,1.293135944762734,0.16033444938868807,-10352.959999999988,124450.96000000054,14,20
2,7.0,0.5,0.05,persist_2,643,0.38258164852255055,0.3157076205287714,1114.5361119751142,-5652.959999999993,716646.7199999983,1.316166491473206,0.1771266186515338,-10352.959999999988,115500.96000000063,15,0
2,7.0,0.5,0.05,persist_3,643,0.37791601866251945,0.30326594090202175,1015.3914774494525,-5652.96,652896.7199999978,1.2859150422108923,0.1609338802018376,-10352.959999999988,114900.96000000063,15,0
2,7.0,0.5,0.05,touch,643,0.4525660964230171,0.416796267496112,2522.001119751161,-4252.960000000001,1621646.7199999972,1.8039926704317226,0.40657166007717654,-10352.959999999988,104559.52000000059,13,0
2,7.0,0.5,0.1,next_minute,643,0.38258164852255055,0.37791601866251945,754.8938102643835,-5552.960000000021,485396.7199999982,1.2135982549283124,0.1185719628071931,-10452.959999999986,129900.96000000028,14,18
2,7.0,0.5,0.1,persist_2,643,0.3810264385692068,0.31259720062208396,935.8424883359238,-5852.9599999999755,601746.7199999989,1.2591358871126557,0.14585144951734913,-10452.959999999986,122450.96000000038,15,0
2,7.0,0.5,0.1,persist_3,643,0.37791601866251945,0.30171073094867806,881.4101399688934,-5852.9599999999755,566746.719999998,1.2428289403213661,0.13709320606830322,-10452.959999999986,121400.96000000038,15,0
2,7.0,0.5,0.1,touch,643,0.4447900466562986,0.4059097978227061,2238.408584758938,-4752.96000000018,1439296.7199999993,1.6884094673626149,0.3547762838338862,-10452.959999999986,108759.52000000056,13,0
2,7.0,0.5,0.15,next_minute,643,0.3810264385692068,0.3701399688958009,631.4879004665592,-5852.959999999934,406046.719999998,1.173860214521905,0.09651959243023152,-10552.959999999988,138300.9600000004,15,16
2,7.0,0.5,0.15,persist_2,643,0.37636080870917576,0.30793157076205285,760.3370451010851,-5952.960000000155,488896.71999999764,1.205286219870385,0.11604340295345114,-10552.959999999988,128900.96000000046,15,0
2,7.0,0.5,0.15,persist_3,643,0.37325038880248834,0.29704510108864696,699.5283359253456,-6052.959999999894,449796.7199999976,1.187913044071139,0.10643604566445558,-10552.959999999988,127900.96000000046,15,0
2,7.0,0.5,0.15,touch,643,0.4354587869362364,0.39502332814930013,1944.3961430793092,-5252.960000000081,1250246.7199999972,1.577634716088596,0.30235028556687416,-10552.959999999988,118900.96000000036,13,0
2,7.0,0.5,0.25,next_minute,643,0.37325038880248834,0.3561430793157076,362.3588180404325,-6152.960000000023,232996.71999999843,1.0954731298607605,0.052618105721692586,-10752.959999999988,152109.84000000055,15,20
2,7.0,0.5,0.25,persist_2,643,0.37169517884914466,0.3001555209953344,451.9389113530291,-6252.9600000000455,290596.7199999976,1.1169358200688182,0.06566520983845307,-10752.959999999988,141859.8400000006,15,0
2,7.0,0.5,0.25,persist_3,643,0.36858475894245724,0.29237947122861585,407.9264696734023,-6252.9600000000455,262296.7199999976,1.1051246583225565,0.05892343109813191,-10752.959999999988,140809.8400000006,15,0
2,7.0,0.5,0.25,touch,643,0.4276827371695179,0.38724727838258166,1605.3603732503834,-5652.96000000008,1032246.7199999972,1.4555189987924957,0.2414907406254239,-10752.959999999988,131500.96000000046,13,0
2,7.0,1.0,0.0,next_minute,643,0.4199066874027994,0.4432348367029549,1043.385256609639,-4052.960000000057,670896.7199999975,1.33367088186547,0.17131791821860312,-10252.959999999988,118059.84000000081,13,24
2,7.0,1.0,0.0,persist_2,643,0.40279937791601866,0.3468118195956454,1328.2997200622044,-5352.960000000154,854096.7199999976,1.3950792137559502,0.21631424937776225,-10252.959999999988,115650.96000000062,15,0
2,7.0,1.0,0.0,persist_3,643,0.39191290824261277,0.3359253499222395,1145.1737480559843,-5452.960000000035,736346.7199999976,1.3351132087410862,0.18632199960493956,-10252.959999999988,115350.96000000063,15,0
2,7.0,1.0,0.0,touch,643,0.5101088646967341,0.48055987558320373,3427.1333125971937,2947.0399999998863,2203646.7199999997,2.243324645968053,0.563618156146921,-10252.959999999988,107059.52000000083,13,0
2,7.0,1.0,0.05,next_minute,643,0.4105754276827372,0.4370139968895801,866.4801244167933,-4552.9599999999555,557146.7199999973,1.268624600775644,0.14000058324583564,-10352.959999999988,124859.84000000078,13,23
2,7.0,1.0,0.05,persist_2,643,0.39968895800933124,0.3468118195956454,1200.6169828926868,-5552.960000000034,771996.7199999976,1.3491077022458278,0.1922570445918978,-10352.959999999988,121750.9600000006,15,0
2,7.0,1.0,0.05,persist_3,643,0.39035769828926903,0.3343701399688958,1024.4116951788465,-5652.959999999978,658696.7199999978,1.2930327628186467,0.1638996863590371,-10352.959999999988,121250.96000000065,15,0
2,7.0,1.0,0.05,touch,643,0.5023328149300156,0.4727838258164852,3189.5749922239424,647.0400000000348,2050896.7199999986,2.1192729849452157,0.5155615708434081,-10352.959999999988,109059.52000000083,13,0
2,7.0,1.0,0.1,next_minute,643,0.40435458786936235,0.432348367029549,765.1581959564516,-4752.96000000018,491996.7199999979,1.230477575956362,0.1216150260104441,-10452.959999999986,133818.72000000055,13,23
2,7.0,1.0,0.1,persist_2,643,0.39968895800933124,0.3468118195956454,1081.3323794712271,-5752.959999999943,695296.7199999989,1.3077293188635024,0.17026261477055454,-10452.959999999986,128009.84000000039,15,0
2,7.0,1.0,0.1,persist_3,643,0.3856920684292379,0.3297045101088647,834.598320373248,-5852.959999999891,536646.7199999985,1.2328468995268524,0.1310411499467044,-10452.959999999986,128800.96000000037,15,0
2,7.0,1.0,0.1,touch,643,0.4976671850699845,0.4681181959564541,2980.1659720062153,-452.95999999999856,1916246.72,2.0132941458260283,0.47399838353514967,-10452.959999999986,114059.52000000057,13,0
2,7.0,1.0,0.15,next_minute,643,0.40279937791601866,0.4276827371695179,589.1084292379426,-5052.960000000093,378796.7199999975,1.1726876647932378,0.09184725772318644,-10552.959999999988,151835.4400000011,13,23
2,7.0,1.0,0.15,persist_2,643,0.39191290824261277,0.33748055987558323,832.8098289269014,-5852.960000000047,535496.7199999979,1.2306031146829803,0.1289471241348598,-10552.959999999988,135409.8400000005,15,0
2,7.0,1.0,0.15,persist_3,643,0.3810264385692068,0.3250388802488336,658.548553654739,-5952.960000000137,423446.7199999976,1.1793902360660802,0.10150580646771348,-10552.959999999988,136009.8400000005,15,0
2,7.0,1.0,0.15,touch,643,0.49455676516329705,0.463452566096423,2782.3432659408945,-1052.9599999999964,1789046.7199999972,1.9207120948252119,0.43562603107322084,-10552.959999999988,118559.52000000051,13,0
2,7.0,1.0,0.25,next_minute,643,0.39191290824261277,0.4121306376360809,265.4692379471184,-5652.960000000023,170696.71999999732,1.0738401075125732,0.039215753988012865,-10752.959999999988,188735.44000000108,13,23
2,7.0,1.0,0.25,persist_2,643,0.3856920684292379,0.3328149300155521,534.831601866249,-6152.960000000023,343896.7199999979,1.1418763133688652,0.07991403798531917,-10752.959999999988,164335.44000000096,15,0
2,7.0,1.0,0.25,persist_3,643,0.37636080870917576,0.3203732503888025,376.5889891135267,-6252.959999999989,242146.71999999782,1.0983202395988114,0.055768750414611504,-10752.959999999988,160335.440000001,15,0
2,7.0,1.0,0.25,touch,643,0.4758942457231726,0.447900466562986,2255.1270917573806,-2952.9600000000055,1450046.7199999972,1.7004895810314573,0.3422820989194323,-10752.959999999988,127959.52000000056,13,0
2,7.0,2.0,0.0,next_minute,643,0.48522550544323484,0.5427682737169518,1202.8720373250371,-552.96,773446.7199999986,1.4380075234432594,0.19920165343892204,-10252.959999999988,100447.68000000056,13,28
2,7.0,2.0,0.0,persist_2,643,0.45412130637636083,0.40902021772939345,1573.789611197509,-4352.960000000182,1011946.7199999992,1.5072442706650389,0.2578766154849379,-10252.959999999988,119759.52000000069,13,0
2,7.0,2.0,0.0,persist_3,643,0.42923794712286156,0.38413685847589424,1167.3354898911323,-5052.960000000171,750596.719999998,1.359612715056628,0.19049344986649946,-10252.959999999988,118259.52000000072,15,0
2,7.0,2.0,0.0,touch,643,0.6018662519440124,0.5863141524105754,4240.896920684289,9947.04,2726896.720000006,2.865108749191967,0.6981295288151682,-10252.959999999988,84676.96000000072,13,0
2,7.0,2.0,0.05,next_minute,643,0.4712286158631415,0.5396578538102644,989.1084292379462,-1252.9599999999994,635996.7199999987,1.347101729274103,0.16056287690967191,-10352.959999999988,112106.56000000073,13,27
2,7.0,2.0,0.05,persist_2,643,0.447900466562986,0.4059097978227061,1398.5174494556738,-4652.960000000092,899246.7199999992,1.4382719414087395,0.22534102267538939,-10352.959999999988,124259.52000000075,13,0
2,7.0,2.0,0.05,persist_3,643,0.42457231726283046,0.3810264385692068,1000.7725038880221,-5352.959999999967,643496.719999998,1.2998034658295945,0.1606030071234244,-10352.959999999988,122559.52000000075,15,0
2,7.0,2.0,0.05,touch,643,0.5956454121306376,0.5816485225505443,4052.9497978227037,9847.040000000025,2606046.7200000044,2.7253221911914083,0.6565371916213915,-10352.959999999988,87976.96000000072,13,0
2,7.0,2.0,0.1,next_minute,643,0.4618973561430793,0.5318818040435459,782.1877449455678,-2352.960000000004,502946.72000000003,1.2634436934683213,0.12505421966191388,-10452.959999999986,123735.44000000082,13,27
2,7.0,2.0,0.1,persist_2,643,0.4416796267496112,0.39968895800933124,1178.1441990668727,-5052.960000000078,757546.7199999989,1.3572638201213543,0.18659420130569898,-10452.959999999986,128059.52000000063,13,0
2,7.0,2.0,0.1,persist_3,643,0.4230171073094868,0.3810264385692068,873.6340902021752,-5552.959999999965,561746.7199999987,1.2562656835057886,0.13778604897185703,-10452.959999999986,127259.52000000063,15,0
2,7.0,2.0,0.1,touch,643,0.5878693623639192,0.5738724727838258,3804.2717262830456,9747.040000000005,2446146.7200000035,2.5546544044035215,0.6063740299374116,-10452.959999999986,96588.80000000063,13,0
2,7.0,2.0,0.15,next_minute,643,0.4603421461897356,0.52099533437014,665.4692379471204,-2552.960000000014,427896.71999999846,1.217872558515348,0.10431739102177785,-10552.959999999988,128635.44000000124,13,26
2,7.0,2.0,0.15,persist_2,643,0.4401244167962675,0.39813374805598756,1031.7211819595602,-5352.959999999934,663396.7199999976,1.3058585714775766,0.16065985072143193,-10552.959999999988,132159.52000000066,13,0
2,7.0,2.0,0.15,persist_3,643,0.4199066874027994,0.37636080870917576,708.0042301710689,-5752.960000000025,455246.7199999976,1.202461983925246,0.10966862493684201,-10552.959999999988,132359.52000000066,15,0
2,7.0,2.0,0.15,touch,643,0.5769828926905132,0.5614307931570762,3515.2359564541152,9647.040000000005,2260296.720000001,2.3724510857067522,0.5517588753389615,-10552.959999999988,99588.80000000063,13,0
2,7.0,2.0,0.25,next_minute,643,0.45412130637636083,0.5132192846034215,413.5252255054411,-3052.959999999943,265896.71999999875,1.1291206456038128,0.06285960518156207,-10752.959999999988,169685.44000000122,13,26
2,7.0,2.0,0.25,persist_2,643,0.43390357698289267,0.39346811819595645,733.1986314152375,-5752.959999999932,471446.7199999979,1.2080452819829526,0.11059600271467174,-10752.959999999988,168771.92000000138,13,0
2,7.0,2.0,0.25,persist_3,643,0.4152410575427683,0.374805598755832,436.85337480559525,-6052.96,280896.71999999793,1.1200919895715356,0.06502106391192865,-10752.959999999988,160121.92000000138,15,0
2,7.0,2.0,0.25,touch,643,0.5692068429237948,0.5536547433903577,3141.13020217729,9347.040000000039,2019746.7200000016,2.163535756181551,0.4778542045284681,-10752.959999999988,108353.6000000005,13,0
2,7.0,3.0,0.0,next_minute,643,0.5349922239502333,0.6391912908242613,961.5812130637593,1247.039999999983,618296.7199999966,1.4135113901557599,0.15918214743766076,-10252.959999999988,111247.68000000033,13,31
2,7.0,3.0,0.0,persist_2,643,0.5132192846034215,0.4758942457231726,1785.142643856917,3447.04,1147846.7199999986,1.6421604607631008,0.2941250111108849,-10252.959999999988,120847.68000000072,13,0
2,7.0,3.0,0.0,persist_3,643,0.4774494556765163,0.4354587869362364,1221.3012752721584,-3352.9599999999546,785296.719999998,1.4083717844734855,0.20118341675549892,-10252.959999999988,120347.68000000075,13,0
2,7.0,3.0,0.0,touch,643,0.6951788491446346,0.687402799377916,4711.4256920684265,8147.040000000045,3029446.7200000067,3.6826352107346043,0.7773493967942467,-10252.959999999988,79218.08000000066,10,0
2,7.0,3.0,0.05,next_minute,643,0.536547433903577,0.640746500777605,908.0042301710683,1347.039999999995,583846.719999996,1.381204982497577,0.14778677351061842,-10352.959999999988,115947.68000000055,13,30
2,7.0,3.0,0.05,persist_2,643,0.505443234836703,0.46967340590979784,1616.402363919126,2047.0399999999554,1039346.7199999988,1.56322737222895,0.26207946465656223,-10352.959999999988,125247.68000000075,13,0
2,7.0,3.0,0.05,persist_3,643,0.4681181959564541,0.4276827371695179,1017.102208398131,-4152.9600000000355,653996.719999998,1.3288047607467839,0.16462239744732052,-10352.959999999988,124647.68000000082,13,0
2,7.0,3.0,0.05,touch,643,0.6951788491446346,0.687402799377916,4616.557884914462,8147.040000000007,2968446.720000008,3.572800974494144,0.7493765020789163,-10352.959999999988,82676.96000000049,10,0
2,7.0,3.0,0.1,next_minute,643,0.5303265940902022,0.6376360808709176,755.9046967340554,1047.0400000000582,486046.7199999972,1.3082304483741078,0.12118806609065484,-10452.959999999986,128526.56000000062,13,30
2,7.0,3.0,0.1,persist_2,643,0.49922239502332816,0.463452566096423,1409.5594401244146,-252.9599999999531,906346.7199999989,1.4762843132993246,0.22491375432824326,-10452.959999999986,129247.68000000066,13,0
2,7.0,3.0,0.1,persist_3,643,0.46500777604976673,0.4261275272161742,902.172192846032,-4452.959999999998,580096.7199999987,1.2847214718171984,0.14387787739619334,-10452.959999999986,128447.6800000007,13,0
2,7.0,3.0,0.1,touch,643,0.6920684292379471,0.6842923794712286,4439.419471228616,8047.039999999987,2854546.720000007,3.4058830256146044,0.7092477404160109,-10452.959999999986,86376.96000000043,10,0
2,7.0,3.0,0.15,next_minute,643,0.5287713841368584,0.6314152410575428,651.6278693623584,847.0400000000554,418996.7199999963,1.2590321957160238,0.10298113842066578,-10552.959999999988,130476.56000000086,13,32
2,7.0,3.0,0.15,persist_2,643,0.4976671850699845,0.4618973561430793,1261.736734059094,-452.95999999999725,811296.7199999972,1.4164968364388522,0.19840025638872347,-10552.959999999988,133147.6800000007,13,0
2,7.0,3.0,0.15,persist_3,643,0.46500777604976673,0.4261275272161742,768.7351788491404,-4652.960000000002,494296.71999999724,1.2378006266316632,0.1206751931457485,-10552.959999999988,133447.68000000075,13,0
2,7.0,3.0,0.15,touch,643,0.6889580093312597,0.6811819595645412,4276.433468118194,7947.039999999994,2749746.7200000053,3.2631809262941722,0.6724727068286379,-10552.959999999988,89276.96000000037,10,0
2,7.0,3.0,0.25,next_minute,643,0.5101088646967341,0.6111975116640747,282.96534992223536,247.04000000001136,181946.7199999974,1.1040895606271561,0.04376548608776303,-10752.959999999988,169576.56000000087,13,33
2,7.0,3.0,0.25,persist_2,643,0.48989113530326595,0.4572317262830482,924.5672161741808,-1952.960000000091,594496.7199999981,1.29083958184464,0.14072973246671677,-10752.959999999988,140947.68000000072,13,0
2,7.0,3.0,0.25,persist_3,643,0.45878693623639194,0.4230171073094868,486.7756143079281,-5152.960000000023,312996.71999999776,1.1440568816537056,0.07375352014215733,-10752.959999999988,141047.68000000072,15,0
2,7.0,3.0,0.25,touch,643,0.6702954898911353,0.6625194401244168,3738.5641057542734,7647.03999999996,2403896.7200000025,2.800364869651585,0.5697503383742599,-10752.959999999988,96476.96000000037,10,0
3,5.0,0.5,0.0,next_minute,600,0.5633333333333334,0.5916666666666667,763.2900000000049,5197.040000000043,457974.00000000274,1.2041086534360685,0.07490641764755156,-11652.960000000021,233184.48000000024,9,15
3,5.0,0.5,0.0,persist_2,600,0.565,0.535,1078.6233333333373,8847.039999999979,647174.000000003,1.272974456595358,0.10567091094284398,-11652.960000000021,228734.4800000002,9,0
3,5.0,0.5,0.0,persist_3,600,0.56,0.5166666666666667,965.540000000004,8747.040000000048,579324.000000003,1.2410002591529525,0.09444068069928986,-11652.960000000021,239434.4800000002,9,0
3,5.0,0.5,0.0,touch,600,0.63,0.6166666666666667,2338.540000000003,8947.039999999975,1403124.0000000063,1.695301808449525,0.23141054565731176,-11652.960000000021,157078.24000000014,7,0
3,5.0,0.5,0.05,next_minute,600,0.5616666666666666,0.5783333333333334,693.3233333333377,5497.040000000015,415994.0000000024,1.1812563834974763,0.0672448504523505,-11752.960000000021,245684.48,9,17
3,5.0,0.5,0.05,persist_2,600,0.5616666666666666,0.5316666666666666,962.5733333333372,8747.040000000008,577544.000000003,1.2399576064812983,0.0932344275928677,-11752.960000000021,241434.48,9,0
3,5.0,0.5,0.05,persist_3,600,0.555,0.5133333333333333,850.1566666666706,8697.04,510094.0000000022,1.209010347432803,0.08218604379357926,-11752.960000000021,254484.47999999998,9,0
3,5.0,0.5,0.05,touch,600,0.6216666666666667,0.6066666666666667,2105.3233333333374,8847.039999999979,1263194.000000005,1.605238291381581,0.20613517015879154,-11752.960000000021,182884.48000000007,7,0
3,5.0,0.5,0.1,next_minute,600,0.5633333333333334,0.5733333333333334,565.8233333333375,5397.040000000005,339494.0000000025,1.1453807800180325,0.054189992320826455,-11852.960000000021,263694.00000000006,9,17
3,5.0,0.5,0.1,persist_2,600,0.56,0.5283333333333333,804.7400000000042,8647.040000000012,482844.0000000019,1.1969094846684518,0.076960623372976,-11852.960000000021,254834.4799999999,9,0
3,5.0,0.5,0.1,persist_3,600,0.5533333333333333,0.5066666666666667,693.4066666666707,8597.039999999997,416044.0000000019,1.1673229321812841,0.06612810376987464,-11852.960000000021,267984.4799999999,9,0
3,5.0,0.5,0.1,touch,600,0.6183333333333333,0.6016666666666667,1924.5733333333383,8697.039999999979,1154744.0000000058,1.5436115893442977,0.18656316146337196,-11852.960000000021,197734.47999999992,7,0
3,5.0,0.5,0.15,next_minute,600,0.56,0.5666666666666667,409.9066666666688,5447.039999999986,245944.0000000018,1.1024334977762598,0.03861539547488687,-11952.960000000023,280644.0000000004,9,17
3,5.0,0.5,0.15,persist_2,600,0.5583333333333333,0.5216666666666666,650.8233333333354,8497.039999999972,390494.00000000093,1.1566384181017644,0.06140701368446044,-11952.960000000023,283984.4800000002,9,0
3,5.0,0.5,0.15,persist_3,600,0.5516666666666666,0.5033333333333333,523.3233333333354,8447.040000000055,313994.0000000013,1.1239747095604042,0.04911332290581187,-11952.960000000023,287492.3200000005,9,0
3,5.0,0.5,0.15,touch,600,0.6116666666666667,0.595,1672.5733333333362,8572.040000000045,1003544.0000000024,1.4576082965201735,0.16045262958839956,-11952.960000000023,212384.4800000001,7,0
3,5.0,0.5,0.25,next_minute,600,0.545,0.5466666666666666,-23.593333333330047,5097.039999999952,-14155.999999997968,0.9944433717086691,-0.0031186573259629202,-12152.960000000021,378892.32000000053,9,16
3,5.0,0.5,0.25,persist_2,600,0.5516666666666666,0.5066666666666667,278.57333333333645,8222.03999999998,167144.0000000023,1.0644801836467783,0.025083213107803117,-12152.960000000021,346042.32000000036,9,0
3,5.0,0.5,0.25,persist_3,600,0.545,0.49166666666666664,169.49000000000308,8147.040000000022,101694.00000000212,1.038701676906743,0.01478272957086627,-12152.960000000021,344742.32000000036,9,0
3,5.0,0.5,0.25,touch,600,0.5916666666666667,0.5733333333333334,1066.1566666666704,8347.039999999994,639694.0000000022,1.2705918203602085,0.1000919879393871,-12152.960000000021,297292.32,8,0
3,5.0,1.0,0.0,next_minute,600,0.5883333333333334,0.64,668.8733333333379,4547.039999999973,401324.00000000227,1.196157141399763,0.06539672720234642,-11652.960000000021,138760.48000000013,6,19
3,5.0,1.0,0.0,persist_2,600,0.605,0.585,1349.6233333333364,7847.040000000091,809774.0000000026,1.375791089309028,0.1329456571615055,-11652.960000000021,164460.4800000002,6,0
3,5.0,1.0,0.0,persist_3,600,0.595,0.5716666666666667,1188.6233333333369,7847.040000000091,713174.0000000026,1.3220155287581254,0.11700642528357856,-11652.960000000021,170134.48000000027,6,0
3,5.0,1.0,0.0,touch,600,0.6816666666666666,0.6716666666666666,2805.9566666666697,7947.04000000005,1683574.0000000077,1.9658973974847926,0.2778303247311388,-11652.960000000021,69882.55999999936,5,0
3,5.0,1.0,0.05,next_minute,600,0.58,0.6283333333333333,473.5733333333382,4497.040000000029,284144.000000003,1.1333492320198615,0.04552776816755992,-11752.960000000021,177934.47999999995,6,20
3,5.0,1.0,0.05,persist_2,600,0.5933333333333334,0.5716666666666667,1075.1566666666697,7847.039999999977,645094.0000000028,1.287904561218306,0.10472018294707068,-11752.960000000021,221834.47999999995,9,0
3,5.0,1.0,0.05,persist_3,600,0.5866666666666667,0.565,998.823333333337,7847.040000000002,599294.0000000026,1.2630542955822726,0.09718139096600498,-11752.960000000021,221884.47999999995,9,0
3,5.0,1.0,0.05,touch,600,0.67,0.6616666666666666,2516.0733333333364,7947.039999999954,1509644.0000000068,1.8262893887611638,0.24650139575531815,-11752.960000000021,112401.27999999943,5,0
3,5.0,1.0,0.1,next_minute,600,0.575,0.6216666666666667,327.99000000000444,4447.040000000006,196794.00000000317,1.0899594840849205,0.03101655232396737,-11852.960000000021,204734.47999999978,9,21
3,5.0,1.0,0.1,persist_2,600,0.59,0.5683333333333334,900.1566666666698,7747.039999999978,540094.0000000016,1.2355446381106292,0.0865044700704039,-11852.960000000021,237384.47999999992,9,0
3,5.0,1.0,0.1,persist_3,600,0.5783333333333334,0.5566666666666666,727.4066666666705,7747.039999999984,436444.000000002,1.1847946070209647,0.0696054275415439,-11852.960000000021,234134.47999999998,9,0
3,5.0,1.0,0.1,touch,600,0.6666666666666666,0.6566666666666666,2328.823333333337,7772.0400000000445,1397294.0000000056,1.7457715590444693,0.22596082028737782,-11852.960000000021,136501.2799999994,5,0
3,5.0,1.0,0.15,next_minute,600,0.5716666666666667,0.62,175.65666666666922,4397.039999999968,105394.00000000176,1.047219730375946,0.01603760708686282,-11952.960000000023,225484.48000000016,9,20
3,5.0,1.0,0.15,persist_2,600,0.5866666666666667,0.565,710.4066666666681,7647.039999999959,426244.0000000006,1.1816847219279765,0.06741057231936713,-11952.960000000023,253784.4800000002,9,0
3,5.0,1.0,0.15,persist_3,600,0.5783333333333334,0.5533333333333333,588.5733333333351,7647.039999999976,353144.0000000007,1.1474456657561167,0.05557733953818036,-11952.960000000023,249734.48000000027,9,0
3,5.0,1.0,0.15,touch,600,0.6633333333333333,0.6533333333333333,2129.4066666666677,7647.04000000003,1277644.0000000026,1.6656379156973056,0.2045305883159917,-11952.960000000023,162851.27999999962,7,0
3,5.0,1.0,0.25,next_minute,600,0.5616666666666666,0.6133333333333333,-103.4266666666626,4197.040000000071,-62055.999999997155,0.9732777377994606,-0.010654769665846118,-12152.960000000021,273242.32000000024,9,21
3,5.0,1.0,0.25,persist_2,600,0.5783333333333334,0.5566666666666666,319.57333333333577,7347.04000000001,191744.00000000186,1.0782140490223449,0.0291751849688436,-12152.960000000021,303192.3200000004,9,0
3,5.0,1.0,0.25,persist_3,600,0.57,0.5433333333333333,200.07333333333585,7347.040000000012,120044.00000000156,1.048066749597338,0.01780041231982763,-12152.960000000021,327442.3200000006,9,0
3,5.0,1.0,0.25,touch,600,0.6566666666666666,0.6483333333333333,1797.156666666669,7447.040000000004,1078294.0000000023,1.5406636263515592,0.16926116886153045,-12152.960000000021,181051.27999999956,7,0
3,5.0,2.0,0.0,next_minute,600,0.63,0.7233333333333334,406.87333333333794,2847.039999999977,244124.00000000282,1.1489644492147517,0.03928937396781221,-11652.960000000021,121584.48000000043,5,21
3,5.0,2.0,0.0,persist_2,600,0.6583333333333333,0.6466666666666666,1214.2900000000052,5997.0400000000045,728574.0000000035,1.3919684382593873,0.11897193110053328,-11652.960000000021,143034.48000000045,5,0
3,5.0,2.0,0.0,persist_3,600,0.6433333333333333,0.63,971.0400000000033,6047.039999999987,582624.0000000014,1.2981724348697727,0.09478720982447443,-11652.960000000021,137410.4800000003,5,0
3,5.0,2.0,0.0,touch,600,0.76,0.7583333333333333,3071.9566666666688,6147.039999999985,1843174.000000008,2.404401972334854,0.3041229971555498,-11652.960000000021,58744.40000000034,5,0
3,5.0,2.0,0.05,next_minute,600,0.62,0.715,247.57333333333887,2647.0399999999922,148544.00000000346,1.0875665827659924,0.023295066805444645,-11752.960000000021,134034.4800000001,5,22
3,5.0,2.0,0.05,persist_2,600,0.6566666666666666,0.645,1104.9900000000046,5947.040000000007,662994.0000000028,1.3502641977469954,0.10713453191136059,-11752.960000000021,153234.48000000033,5,0
3,5.0,2.0,0.05,persist_3,600,0.6366666666666667,0.625,809.5733333333372,5947.040000000021,485744.00000000175,1.2428932191516322,0.07807441737558025,-11752.960000000021,168784.48000000004,5,0
3,5.0,2.0,0.05,touch,600,0.755,0.7516666666666667,2881.40666666667,6047.040000000024,1728844.000000008,2.2707275167952687,0.2824310063941193,-11752.960000000021,67329.5999999994,5,0
3,5.0,2.0,0.1,next_minute,600,0.61,0.7116666666666667,107.74000000000524,2497.040000000032,64644.000000003274,1.0370522231609096,0.009449549992029951,-11852.960000000021,145934.48000000004,6,23
3,5.0,2.0,0.1,persist_2,600,0.6516666666666666,0.64,900.3233333333378,5847.039999999997,540194.0000000019,1.2769233488572147,0.08626696099687935,-11852.960000000021,182334.48000000013,5,0
3,5.0,2.0,0.1,persist_3,600,0.6333333333333333,0.62,626.5733333333374,5847.040000000019,375944.0000000022,1.1834829788330687,0.059559844791637735,-11852.960000000021,182984.47999999998,5,0
3,5.0,2.0,0.1,touch,600,0.7533333333333333,0.75,2720.5733333333364,5947.040000000006,1632344.0000000075,2.1747132245582503,0.2640160236882103,-11852.960000000021,66129.5999999994,5,0
3,5.0,2.0,0.15,next_minute,600,0.6,0.71,-51.676666666662854,2547.03999999996,-31005.99999999775,0.9828077820652736,-0.005954528082160486,-11952.960000000023,158384.48000000016,6,22
3,5.0,2.0,0.15,persist_2,600,0.6466666666666666,0.6333333333333333,700.8233333333368,5747.039999999998,420494.00000000146,1.2103566462983233,0.06624634387623021,-11952.960000000023,201634.48000000016,5,0
3,5.0,2.0,0.15,persist_3,600,0.6283333333333333,0.6133333333333333,410.1566666666687,5747.040000000005,246094.00000000143,1.1163240470479103,0.03818905079004519,-11952.960000000023,196884.48000000016,5,0
3,5.0,2.0,0.15,touch,600,0.75,0.7466666666666667,2553.5733333333346,5847.040000000006,1532144.0000000054,2.071973603381868,0.24544071436165377,-11952.960000000023,67529.5999999994,5,0
3,5.0,2.0,0.25,next_minute,600,0.5833333333333334,0.705,-332.09333333332904,2197.04,-199255.999999997,0.8943398627652759,-0.03231038967401909,-12152.960000000021,232640.8799999974,6,24
3,5.0,2.0,0.25,persist_2,600,0.6333333333333333,0.6216666666666667,262.4900000000034,5447.040000000046,157494.0000000026,1.0741364120526078,0.023815005381141542,-12152.960000000021,269542.32000000036,6,0
3,5.0,2.0,0.25,persist_3,600,0.6183333333333333,0.605,27.156666666669405,5547.0399999999945,16294.000000002285,1.0073198304638555,0.0014933921006258545,-12152.960000000021,273284.48,6,0
3,5.0,2.0,0.25,touch,600,0.7466666666666667,0.745,2247.9066666666677,5647.039999999982,1348744.0000000037,1.9133624570448653,0.2118654056745746,-12152.960000000021,70529.59999999974,5,0
3,5.0,3.0,0.0,next_minute,600,0.655,0.8283333333333334,71.79000000000175,1647.0399999999886,43074.00000000097,1.035294617381574,0.005832388621668099,-10452.960000000034,146531.52000000034,5,21
3,5.0,3.0,0.0,persist_2,600,0.73,0.725,1024.2066666666708,4047.0400000000227,614524.0000000023,1.4185618935755304,0.09997321346696778,-10452.960000000034,142869.3600000004,5,0
3,5.0,3.0,0.0,persist_3,600,0.7066666666666667,0.7,685.6233333333371,4147.039999999989,411374.00000000244,1.255564031545933,0.06636777198102446,-10452.960000000034,146834.4800000003,5,0
3,5.0,3.0,0.0,touch,600,0.86,0.8633333333333333,3182.290000000004,4347.039999999977,1909374.0000000086,3.541600607756197,0.31515020782036046,-10452.960000000034,49023.67999999947,3,0
3,5.0,3.0,0.05,next_minute,600,0.6433333333333333,0.8233333333333334,-74.34333333332991,1547.0399999999977,-44605.999999997985,0.9647010441324524,-0.008650218912732736,-10552.960000000034,154831.51999999993,4,21
3,5.0,3.0,0.05,persist_2,600,0.7233333333333334,0.7166666666666667,881.8233333333376,4047.039999999998,529094.0000000024,1.3458308471489104,0.08501617147679294,-10552.960000000034,166719.3600000002,5,0
3,5.0,3.0,0.05,persist_3,600,0.7,0.6933333333333334,544.6566666666705,4047.0400000000263,326794.00000000285,1.1965899558735347,0.05189494654704764,-10552.960000000034,174184.48000000007,5,0
3,5.0,3.0,0.05,touch,600,0.855,0.8583333333333333,3046.9900000000057,4297.040000000083,1828194.0000000095,3.306905728938188,0.29877762100586963,-10552.960000000034,50323.67999999947,3,0
3,5.0,3.0,0.1,next_minute,600,0.6233333333333333,0.82,-256.34333333333075,1347.0400000000127,-153805.9999999984,0.8833033980542782,-0.0262573908839538,-10652.960000000032,184340.87999999872,4,21
3,5.0,3.0,0.1,persist_2,600,0.7216666666666667,0.715,746.2400000000039,3947.0400000000063,447744.0000000024,1.2868178627139366,0.07101538738786611,-10652.960000000032,195284.48000000036,5,0
3,5.0,3.0,0.1,persist_3,600,0.695,0.6866666666666666,335.3233333333365,3947.0400000000063,201194.0000000021,1.1173367486888284,0.030988127764796664,-10652.960000000032,205284.48000000004,5,0
3,5.0,3.0,0.1,touch,600,0.8516666666666667,0.855,2858.656666666672,4147.040000000005,1715194.0000000084,3.0858660869287924,0.27749852776434847,-10652.960000000032,51623.67999999947,3,0
3,5.0,3.0,0.15,next_minute,600,0.6033333333333334,0.8133333333333334,-460.5099999999996,1147.04000000001,-276305.9999999997,0.8013808125868632,-0.04569530226732893,-10752.960000000034,303140.87999999995,8,21
3,5.0,3.0,0.15,persist_2,600,0.7133333333333334,0.7083333333333334,521.5733333333354,3847.0399999999995,312944.0000000015,1.1928492362962262,0.04868672296818571,-10752.960000000034,224584.48000000053,5,0
3,5.0,3.0,0.15,persist_3,600,0.6916666666666667,0.6833333333333333,183.90666666666866,3847.0400000000277,110344.00000000146,1.0630527198542525,0.016096202183032725,-10752.960000000034,217484.48000000024,5,0
3,5.0,3.0,0.15,touch,600,0.8433333333333334,0.8483333333333334,2640.3233333333374,4047.0400000000304,1584194.0000000075,2.811007804853618,0.25379203477275636,-10752.960000000034,52923.67999999947,3,0
3,5.0,3.0,0.25,next_minute,600,0.5716666666666667,0.8066666666666666,-758.1766666666658,747.0400000000398,-454905.9999999993,0.6951728288966094,-0.07303420269438317,-10952.960000000034,473217.5199999992,9,22
3,5.0,3.0,0.25,persist_2,600,0.7033333333333334,0.6966666666666667,115.15666666666941,3547.0400000000104,69094.00000000205,1.0400462077155948,0.009347684021292255,-10952.960000000034,251884.48000000024,5,0
3,5.0,3.0,0.25,persist_3,600,0.6816666666666666,0.675,-189.0933333333313,3647.0399999999177,-113455.99999999812,0.9384343350437228,-0.01945586579325744,-10952.960000000034,262884.48000000016,5,0
3,5.0,3.0,0.25,touch,600,0.8383333333333334,0.8433333333333334,2326.1566666666695,3847.039999999977,1395694.0000000047,2.509319952895448,0.21925310384643956,-10952.960000000034,68141.44000000032,5,0
3,6.0,0.5,0.0,next_minute,600,0.47333333333333333,0.49,821.8733333333346,-1977.9600000000346,493124.0000000003,1.2196508833607016,0.09894406821018378,-8552.96,119574.32000000033,10,20
3,6.0,0.5,0.0,persist_2,600,0.4633333333333333,0.4216666666666667,1022.7900000000002,-4452.959999999977,613674.0,1.2601247010198353,0.12411853448378811,-8552.96,129063.76000000021,10,0
3,6.0,0.5,0.0,persist_3,600,0.4633333333333333,0.4116666666666667,1007.1233333333336,-4752.959999999988,604274.0,1.2552691802805718,0.1221827721985603,-8552.96,127763.76000000021,10,0
3,6.0,0.5,0.0,touch,600,0.5416666666666666,0.5233333333333333,2603.2066666666674,10697.040000000019,1561924.0000000037,1.7743360067899059,0.32018080684213257,-8552.96,74100.64000000076,8,0
3,6.0,0.5,0.05,next_minute,600,0.47,0.485,711.1566666666691,-2227.959999999988,426694.00000000134,1.1859783125055665,0.08423713911133628,-8652.96,125674.32000000023,10,21
3,6.0,0.5,0.05,persist_2,600,0.45666666666666667,0.415,821.5733333333344,-5052.95999999997,492944.0000000006,1.2034944788689668,0.09808743975875163,-8652.96,143413.75999999995,10,0
3,6.0,0.5,0.05,persist_3,600,0.45666666666666667,0.405,836.740000000001,-5052.95999999997,502044.0000000005,1.2072553696068178,0.09994214638899802,-8652.96,140113.75999999992,10,0
3,6.0,0.5,0.05,touch,600,0.5383333333333333,0.52,2434.3233333333355,10547.040000000023,1460594.0000000042,1.7062492415743695,0.2955551723872022,-8652.96,77450.64000000068,8,0
3,6.0,0.5,0.1,next_minute,600,0.4666666666666667,0.48,543.2400000000033,-2952.959999999942,325944.00000000215,1.1385800300268687,0.0630242849250012,-8752.96,129874.32000000025,10,21
3,6.0,0.5,0.1,persist_2,600,0.4533333333333333,0.41,656.4900000000019,-5352.95999999999,393894.00000000163,1.1594131125162792,0.07696826581944084,-8752.96,157363.75999999972,10,0
3,6.0,0.5,0.1,persist_3,600,0.4533333333333333,0.4033333333333333,670.9066666666686,-5352.95999999999,402544.0000000016,1.1629171567002916,0.07870673440157952,-8752.96,156063.75999999978,10,0
3,6.0,0.5,0.1,touch,600,0.535,0.515,2237.490000000003,10347.040000000019,1342494.0000000037,1.6354682802543115,0.26830850444836596,-8752.96,82000.64000000065,8,0
3,6.0,0.5,0.15,next_minute,600,0.4583333333333333,0.47,355.82333333333423,-3702.960000000059,213494.00000000102,1.08833410843348,0.04010379171337503,-8852.96,160842.32000000024,10,22
3,6.0,0.5,0.15,persist_2,600,0.4533333333333333,0.4083333333333333,524.9066666666668,-5552.959999999994,314944.0000000003,1.1253358363994252,0.06036000378043759,-8852.96,171963.75999999995,10,0
3,6.0,0.5,0.15,persist_3,600,0.4533333333333333,0.4033333333333333,533.9066666666668,-5552.959999999994,320344.0000000003,1.1274873695397978,0.061427898525251955,-8852.96,170513.75999999995,10,0
3,6.0,0.5,0.15,touch,600,0.53,0.5066666666666667,2017.9900000000005,10147.040000000017,1210794.0000000005,1.5585706999927618,0.23888281893288338,-8852.96,86924.320000001,8,0
3,6.0,0.5,0.25,next_minute,600,0.4533333333333333,0.45166666666666666,58.07333333333589,-4802.960000000028,34844.00000000179,1.0137796800165675,0.004505607418091934,-9052.96,227842.31999999948,10,23
3,6.0,0.5,0.25,persist_2,600,0.45,0.4,198.74000000000086,-6052.960000000057,119244.00000000071,1.0456609954069471,0.02121459715812063,-9052.96,235842.31999999948,10,0
3,6.0,0.5,0.25,persist_3,600,0.45,0.3933333333333333,206.99000000000086,-6052.960000000057,124194.00000000079,1.0475573633843038,0.02216645030434885,-9052.96,232492.31999999954,10,0
3,6.0,0.5,0.25,touch,600,0.5166666666666667,0.49,1492.4900000000007,5797.039999999909,895494.0000000015,1.3889075442228465,0.17210419877404878,-9052.96,116974.32000000062,8,0
3,6.0,1.0,0.0,next_minute,600,0.49666666666666665,0.55,656.4566666666678,-352.9599999999261,393874.00000000023,1.1875953231946907,0.07879244099365047,-8552.96,108324.32000000036,9,19
3,6.0,1.0,0.0,persist_2,600,0.49,0.45666666666666667,1125.7899999999997,-1752.9599999999887,675474.0000000005,1.3001765452652423,0.13699466766350216,-8552.96,133324.32,10,0
3,6.0,1.0,0.0,persist_3,600,0.48333333333333334,0.44,990.1233333333337,-2152.9600000000446,594074.0000000002,1.2593623380147843,0.12028057099937653,-8552.96,132674.32,10,0
3,6.0,1.0,0.0,touch,600,0.59,0.5816666666666667,3093.539999999999,9947.039999999977,1856124.0000000035,2.0189368174896978,0.38088232836317104,-8552.96,64235.51999999993,6,0
3,6.0,1.0,0.05,next_minute,600,0.485,0.5416666666666666,504.24000000000166,-852.9600000003632,302544.00000000134,1.1389190002093121,0.059381963407609234,-8652.96,118524.32000000021,9,18
3,6.0,1.0,0.05,persist_2,600,0.485,0.4533333333333333,962.0733333333343,-2177.9600000000337,577244.0000000007,1.25009004634996,0.11558265182453299,-8652.96,139724.31999999992,10,0
3,6.0,1.0,0.05,persist_3,600,0.4766666666666667,0.43666666666666665,827.9900000000011,-3302.959999999897,496794.00000000064,1.2118470822215117,0.09897175794613301,-8652.96,148663.75999999992,10,0
3,6.0,1.0,0.05,touch,600,0.5816666666666667,0.5716666666666667,2816.1566666666668,9847.039999999979,1689694.000000005,1.8919542432658105,0.3423294825853621,-8652.96,66818.07999999984,8,0
3,6.0,1.0,0.1,next_minute,600,0.4816666666666667,0.5366666666666666,399.7400000000018,-1052.960000000135,239844.00000000166,1.1082499218649395,0.04607942433922326,-8752.96,124724.32000000023,9,18
3,6.0,1.0,0.1,persist_2,600,0.48333333333333334,0.4533333333333333,831.1566666666687,-2377.960000000033,498694.0000000013,1.2124002341499107,0.09838417760285904,-8752.96,153268.63999999932,10,0
3,6.0,1.0,0.1,persist_3,600,0.47333333333333333,0.435,668.3233333333354,-4002.959999999982,400994.0000000015,1.1675160008163932,0.07851019382954788,-8752.96,184318.6399999993,10,0
3,6.0,1.0,0.1,touch,600,0.5783333333333334,0.5666666666666667,2629.6566666666677,9747.039999999968,1577794.000000004,1.8159545084342108,0.3156537126867228,-8752.96,70118.07999999984,8,0
3,6.0,1.0,0.15,next_minute,600,0.47333333333333333,0.53,210.40666666666576,-1502.9599999999673,126243.99999999946,1.0552027426148418,0.023000685619976806,-8852.96,153418.64000000013,9,18
3,6.0,1.0,0.15,persist_2,600,0.48,0.45,640.9066666666665,-2652.9600000000237,384544.00000000006,1.1599797965100174,0.07447092837116977,-8852.96,197818.63999999972,10,0
3,6.0,1.0,0.15,persist_3,600,0.47333333333333333,0.43333333333333335,535.74,-4202.959999999985,321444.0000000003,1.1320822514398656,0.06179109400722604,-8852.96,210718.63999999972,10,0
3,6.0,1.0,0.15,touch,600,0.5716666666666667,0.56,2380.9066666666668,9547.040000000012,1428544.0000000012,1.7150976803856874,0.2823841970540765,-8852.96,74574.32000000103,8,0
3,6.0,1.0,0.25,next_minute,600,0.4683333333333333,0.5233333333333333,-80.84333333333387,-2077.960000000011,-48506.00000000028,0.9796639665208194,-0.011515490247468237,-9052.96,227918.63999999998,9,18
3,6.0,1.0,0.25,persist_2,600,0.47333333333333333,0.44333333333333336,286.65666666666755,-4102.959999999897,171994.00000000073,1.0685873014571656,0.03152199902384352,-9052.96,246818.63999999955,10,0
3,6.0,1.0,0.25,persist_3,600,0.47,0.43,233.57333333333426,-4752.959999999988,140144.000000001,1.0555394991160267,0.02520547078155123,-9052.96,260268.63999999932,10,0
3,6.0,1.0,0.25,touch,600,0.5666666666666667,0.5533333333333333,2029.3233333333337,9347.039999999979,1217594.000000002,1.585663412345059,0.23475367461525498,-9052.96,86374.32000000097,8,0
3,6.0,2.0,0.0,next_minute,600,0.5383333333333333,0.63,478.706666666668,1747.039999999983,287224.00000000134,1.159527241643674,0.05811668976716927,-8552.96,84247.68000000018,9,20
3,6.0,2.0,0.0,persist_2,600,0.5483333333333333,0.525,1289.206666666668,7847.040000000005,773524.0000000014,1.3833212775470412,0.15814217998672617,-8552.96,84147.68000000015,9,0
3,6.0,2.0,0.0,persist_3,600,0.5316666666666666,0.5,1036.2899999999997,7747.040000000017,621774.0,1.296290011831896,0.12664015447791224,-8552.96,84847.68000000012,9,0
3,6.0,2.0,0.0,touch,600,0.665,0.6633333333333333,3524.373333333335,8047.040000000023,2114624.000000004,2.426395405755723,0.4352682102331105,-8552.96,66135.51999999993,6,0
3,6.0,2.0,0.05,next_minute,600,0.5266666666666666,0.6266666666666667,297.32333333333537,1297.040000000012,178394.00000000175,1.0953305361928816,0.035191489360665504,-8652.96,89247.68000000023,9,19
3,6.0,2.0,0.05,persist_2,600,0.5383333333333333,0.515,1052.7400000000018,7747.039999999983,631644.0000000012,1.3021136071596793,0.12737365034683168,-8652.96,88047.68000000011,9,0
3,6.0,2.0,0.05,persist_3,600,0.5216666666666666,0.49166666666666664,810.7400000000009,7597.039999999992,486444.0000000005,1.2247810191374162,0.09752155706807301,-8652.96,92883.83999999976,9,0
3,6.0,2.0,0.05,touch,600,0.66,0.6583333333333333,3313.7400000000034,7947.040000000046,1988244.0000000051,2.2962577484925064,0.40412789398921617,-8652.96,68135.51999999993,6,0
3,6.0,2.0,0.1,next_minute,600,0.52,0.6233333333333333,136.99000000000296,997.0400000000468,82194.0000000018,1.0424482886327493,0.015378483709222074,-8752.96,118975.27999999892,9,18
3,6.0,2.0,0.1,persist_2,600,0.5366666666666666,0.515,927.9066666666686,7647.039999999981,556744.0000000012,1.2618489539436666,0.11077023969462367,-8752.96,92947.68000000012,9,0
3,6.0,2.0,0.1,persist_3,600,0.5166666666666667,0.48833333333333334,633.9066666666683,7297.0399999999445,380344.00000000146,1.1722269506577787,0.07487660731095568,-8752.96,120283.8399999997,9,0
3,6.0,2.0,0.1,touch,600,0.655,0.6533333333333333,3087.740000000005,7847.040000000026,1852644.0000000056,2.169013446755369,0.37197456127163525,-8752.96,69335.51999999986,6,0
3,6.0,2.0,0.15,next_minute,600,0.5183333333333333,0.6216666666666667,35.99000000000006,897.04000000001,21594.000000000146,1.0108627990152215,0.003126206380226547,-8852.96,150775.27999999913,9,16
3,6.0,2.0,0.15,persist_2,600,0.5316666666666666,0.51,742.3233333333335,7447.040000000015,445394.00000000006,1.2044769054042799,0.08725436696918251,-8852.96,99042.31999999982,9,0
3,6.0,2.0,0.15,persist_3,600,0.5166666666666667,0.4866666666666667,499.7399999999996,6197.039999999908,299844.00000000006,1.1332824581395409,0.05771972650380957,-8852.96,139968.63999999984,9,0
3,6.0,2.0,0.15,touch,600,0.6516666666666666,0.6483333333333333,2913.406666666668,7747.039999999998,1748044.0000000035,2.0743319163489757,0.3467210265881527,-8852.96,72168.08000000003,6,0
3,6.0,2.0,0.25,next_minute,600,0.5016666666666667,0.6133333333333333,-351.00999999999954,247.0399999999989,-210605.99999999924,0.8997169221739418,-0.041964151431052046,-9052.96,256328.07999999882,9,17
3,6.0,2.0,0.25,persist_2,600,0.5283333333333333,0.5066666666666667,419.3233333333344,7247.0400000000145,251594.00000000093,1.1112451508603391,0.04745423240346759,-9052.96,175842.3199999996,9,0
3,6.0,2.0,0.25,persist_3,600,0.515,0.485,213.15666666666723,4397.039999999937,127894.00000000052,1.054898578895427,0.02296141235468009,-9052.96,210192.3199999996,9,0
3,6.0,2.0,0.25,touch,600,0.645,0.6416666666666667,2556.323333333335,7547.0399999999945,1533794.000000003,1.8980003448222473,0.29707827035631007,-9052.96,79168.08000000003,6,0
3,6.0,3.0,0.0,next_minute,600,0.6383333333333333,0.7716666666666666,743.0400000000013,2297.0400000000227,445824.0000000006,1.3489154213816794,0.09114283007992784,-8552.96,70347.68000000053,5,13
3,6.0,3.0,0.0,persist_2,600,0.6216666666666667,0.6083333333333333,1400.1233333333344,5997.039999999997,840074.0000000012,1.4986573290780614,0.17215299572512235,-8552.96,84847.68000000043,6,0
3,6.0,3.0,0.0,persist_3,600,0.5966666666666667,0.5716666666666667,1038.7900000000013,5947.040000000064,623274.0000000008,1.3439671006936673,0.12690960676632013,-8552.96,87447.68000000012,6,0
3,6.0,3.0,0.0,touch,600,0.79,0.7933333333333333,4240.290000000001,6247.040000000068,2544174.000000007,3.7410559342302006,0.5249668161229305,-8552.96,30223.680000000022,3,0
3,6.0,3.0,0.05,next_minute,600,0.6166666666666667,0.765,565.573333333336,2147.0399999999922,339344.000000002,1.25434061843901,0.06831516409621384,-8652.96,75447.68000000056,5,14
3,6.0,3.0,0.05,persist_2,600,0.6166666666666667,0.6,1235.4900000000025,5947.040000000004,741294.000000001,1.4261508465483572,0.14985990911205693,-8652.96,93147.68000000015,6,0
3,6.0,3.0,0.05,persist_3,600,0.595,0.57,935.3233333333351,5947.039999999989,561194.0000000008,1.3042940052008642,0.11269034556266279,-8652.96,91747.68000000011,6,0
3,6.0,3.0,0.05,touch,600,0.785,0.7883333333333333,4099.656666666669,6247.040000000008,2459794.0000000075,3.5487139397233105,0.5013076006961028,-8652.96,31623.680000000022,4,0
3,6.0,3.0,0.1,next_minute,600,0.6033333333333334,0.7633333333333333,391.5733333333367,1897.040000000024,234944.00000000244,1.1698266187495963,0.046437870581130976,-8752.96,81400.64000000051,5,12
3,6.0,3.0,0.1,persist_2,600,0.6116666666666667,0.5966666666666667,1055.9066666666697,5747.0400000000745,633544.0000000017,1.3548928749450917,0.1263213738799967,-8752.96,96747.68000000014,6,0
3,6.0,3.0,0.1,persist_3,600,0.5883333333333334,0.5633333333333334,745.9066666666694,5847.03999999998,447544.00000000175,1.2359268175195968,0.0885496156854795,-8752.96,97825.2799999998,6,0
3,6.0,3.0,0.1,touch,600,0.78,0.7833333333333333,3895.490000000003,6147.0399999999945,2337294.0000000075,3.32180588305977,0.4705801575165635,-8752.96,33023.679999999964,4,0
3,6.0,3.0,0.15,next_minute,600,0.5916666666666667,0.7583333333333333,194.23999999999947,1647.0399999998963,116543.99999999972,1.08097240251755,0.022279169301895323,-8852.96,108183.83999999982,5,14
3,6.0,3.0,0.15,persist_2,600,0.6083333333333333,0.595,928.5733333333343,5747.039999999976,557144.0000000005,1.3056904745131055,0.10947934115283552,-8852.96,100847.68000000021,6,0
3,6.0,3.0,0.15,persist_3,600,0.585,0.56,607.9066666666681,5747.039999999948,364744.0000000013,1.1875900961579808,0.0711107356835668,-8852.96,112242.31999999975,6,0
3,6.0,3.0,0.15,touch,600,0.7766666666666666,0.7816666666666666,3748.156666666668,6047.039999999959,2248894.0000000056,3.1802665351684647,0.44731525766746577,-8852.96,34323.679999999964,4,0
3,6.0,3.0,0.25,next_minute,600,0.5616666666666666,0.7416666666666667,-165.25999999999948,1047.0400000000795,-99155.99999999981,0.9364123123247479,-0.02021626358308132,-9052.96,176133.83999999976,5,17
3,6.0,3.0,0.25,persist_2,600,0.6033333333333334,0.585,611.8233333333342,5447.0400000000145,367094.0000000009,1.1926361030159403,0.07017206184450009,-9052.96,148092.31999999963,6,0
3,6.0,3.0,0.25,persist_3,600,0.5783333333333334,0.5533333333333333,289.656666666668,5447.040000000028,173794.00000000093,1.0855673315848802,0.03244101057639132,-9052.96,196042.31999999983,7,0
3,6.0,3.0,0.25,touch,600,0.765,0.77,3339.1566666666686,5747.04000000005,2003494.0000000044,2.792920249952545,0.38917697881168395,-9052.96,50823.67999999998,5,0
3,7.0,0.5,0.0,next_minute,600,0.4066666666666667,0.40166666666666667,1047.1233333333305,-5152.960000000079,628273.9999999984,1.3161200590649242,0.17071600246410773,-8452.959999999977,163122.31999999908,21,19
3,7.0,0.5,0.0,persist_2,600,0.395,0.33,1310.5399999999984,-5602.960000000012,786324.0,1.3808372534043905,0.2135799128087498,-8452.959999999977,143772.3199999989,21,0
3,7.0,0.5,0.0,persist_3,600,0.39,0.31,1206.6233333333316,-5652.959999999994,723973.9999999998,1.3478915878599889,0.1964203768558513,-8452.959999999977,142472.31999999893,21,0
3,7.0,0.5,0.0,touch,600,0.4716666666666667,0.43333333333333335,2871.7066666666624,-4002.9599999999887,1723023.9999999981,1.948311773181166,0.4703640094309428,-8452.959999999977,68126.96000000002,10,0
3,7.0,0.5,0.05,next_minute,600,0.405,0.395,954.9899999999992,-5402.960000000077,572993.9999999994,1.281384701445647,0.15326978246887607,-8552.959999999975,177428.55999999857,21,19
3,7.0,0.5,0.05,persist_2,600,0.39166666666666666,0.325,1169.9066666666656,-5752.960000000115,701943.9999999998,1.3322716832143635,0.18754418841139647,-8552.959999999975,156472.31999999873,21,0
3,7.0,0.5,0.05,persist_3,600,0.38666666666666666,0.30833333333333335,1081.2399999999989,-5852.959999999921,648743.9999999998,1.3048223296255108,0.17293185345050416,-8552.959999999975,155622.3199999987,21,0
3,7.0,0.5,0.05,touch,600,0.465,0.4266666666666667,2655.2399999999984,-4302.9599999999555,1593143.9999999995,1.8506839371899433,0.4279076588160311,-8552.959999999975,71926.95999999996,10,0
3,7.0,0.5,0.1,next_minute,600,0.3983333333333333,0.38666666666666666,699.0733333333326,-5702.960000000136,419443.9999999996,1.1983891619630607,0.11021056305296455,-8652.959999999975,193478.55999999843,21,19
3,7.0,0.5,0.1,persist_2,600,0.39166666666666666,0.3233333333333333,1034.7399999999986,-5952.959999999988,620843.9999999993,1.287806136252088,0.1629155239205081,-8652.959999999975,167872.3199999986,21,0
3,7.0,0.5,0.1,persist_3,600,0.385,0.30666666666666664,922.5733333333318,-5952.960000000045,553543.9999999991,1.2539749261746505,0.14486277126046948,-8652.959999999975,167372.3199999986,21,0
3,7.0,0.5,0.1,touch,600,0.45666666666666667,0.41833333333333333,2372.906666666666,-4802.960000000077,1423743.9999999988,1.7344395045653274,0.3763510747482346,-8652.959999999975,75426.95999999999,10,0
3,7.0,0.5,0.15,next_minute,600,0.39,0.375,600.739999999997,-5902.960000000121,360443.99999999837,1.1661941071775799,0.09280501402193575,-8752.959999999977,199778.55999999878,21,20
3,7.0,0.5,0.15,persist_2,600,0.39,0.31833333333333336,880.4066666666636,-6052.960000000046,528243.9999999973,1.2393045224660635,0.13619309068308297,-8752.959999999977,179122.31999999893,21,0
3,7.0,0.5,0.15,persist_3,600,0.385,0.30666666666666664,798.4899999999966,-6052.960000000046,479093.9999999972,1.2154274962419587,0.12318985302950206,-8752.959999999977,179222.31999999893,21,0
3,7.0,0.5,0.15,touch,600,0.4483333333333333,0.4083333333333333,2111.0733333333296,-5102.960000000001,1266643.999999998,1.6336674247866052,0.32898604874341536,-8752.959999999977,87772.3199999991,10,0
3,7.0,0.5,0.25,next_minute,600,0.385,0.365,329.82333333333094,-6252.960000000032,197893.9999999987,1.0870027324346523,0.04867277977620066,-8952.959999999977,228178.55999999866,21,21
3,7.0,0.5,0.25,persist_2,600,0.38666666666666666,0.315,602.4066666666644,-6352.959999999955,361443.99999999866,1.1574083116312865,0.08990870331902404,-8952.959999999977,207978.55999999848,21,0
3,7.0,0.5,0.25,persist_3,600,0.38166666666666665,0.3,501.23999999999745,-6352.959999999955,300743.9999999988,1.1299936630120848,0.07433723930024869,-8952.959999999977,207528.55999999854,21,0
3,7.0,0.5,0.25,touch,600,0.44,0.4,1719.6566666666638,-5702.960000000048,1031793.9999999991,1.4906121825752152,0.25955194844185997,-8952.959999999977,115378.5599999988,10,0
3,7.0,1.0,0.0,next_minute,600,0.4116666666666667,0.43333333333333335,834.0399999999963,-4752.960000000074,500423.99999999773,1.2575197830959959,0.13628099968613502,-8452.959999999977,159625.5999999984,20,25
3,7.0,1.0,0.0,persist_2,600,0.4166666666666667,0.3616666666666667,1466.6233333333319,-5452.959999999906,879973.9999999998,1.4415465423877178,0.2396200548477574,-8452.959999999977,131419.3599999987,20,0
3,7.0,1.0,0.0,persist_3,600,0.41,0.3433333333333333,1296.7899999999981,-5452.959999999992,778073.9999999995,1.385280927064526,0.21159344880526462,-8452.959999999977,132119.3599999989,20,0
3,7.0,1.0,0.0,touch,600,0.5066666666666667,0.475,3233.206666666662,2197.0400000000336,1939924.0000000002,2.142929417879242,0.530551579710418,-8452.959999999977,56021.03999999998,10,0
3,7.0,1.0,0.05,next_minute,600,0.41,0.43166666666666664,751.073333333331,-4952.9600000000755,450643.9999999984,1.226513706732218,0.12086491697595801,-8552.959999999975,173225.5999999983,20,26
3,7.0,1.0,0.05,persist_2,600,0.4116666666666667,0.3566666666666667,1278.2399999999993,-5652.959999999907,766944.0000000002,1.3742240115675817,0.20548575841095282,-8552.959999999975,145425.59999999823,20,0
3,7.0,1.0,0.05,persist_3,600,0.40166666666666667,0.3383333333333333,1083.4899999999989,-5652.960000000064,650093.9999999998,1.3120062854512713,0.1735579417230409,-8552.959999999975,145325.59999999843,20,0
3,7.0,1.0,0.05,touch,600,0.505,0.475,3113.6566666666636,1997.0400000000345,1868194.000000001,2.076515029493455,0.5027260247919819,-8552.959999999975,59621.039999999884,10,0
3,7.0,1.0,0.1,next_minute,600,0.4116666666666667,0.43333333333333335,628.4066666666646,-5102.960000000018,377043.9999999988,1.1858618632341758,0.09932148964119272,-8652.959999999975,188575.59999999823,20,25
3,7.0,1.0,0.1,persist_2,600,0.41,0.35333333333333333,1103.4066666666656,-5852.9599999999045,662043.9999999994,1.3154576597616379,0.17435702110932302,-8652.959999999975,159675.5999999981,20,0
3,7.0,1.0,0.1,persist_3,600,0.4,0.33666666666666667,935.9066666666653,-5852.960000000061,561543.9999999988,1.2631975618426003,0.14729268995397554,-8652.959999999975,159175.59999999832,20,0
3,7.0,1.0,0.1,touch,600,0.505,0.475,2979.9899999999975,1797.0400000000345,1787994.0000000007,2.0091916217036867,0.473499540671277,-8652.959999999975,62921.039999999935,10,0
3,7.0,1.0,0.15,next_minute,600,0.4066666666666667,0.4266666666666667,437.9066666666618,-5552.960000000065,262743.9999999974,1.1255956212585538,0.06790399656943816,-8752.959999999977,203975.59999999855,20,25
3,7.0,1.0,0.15,persist_2,600,0.4083333333333333,0.35,939.3233333333301,-6052.959999999899,563593.9999999977,1.2624137065967527,0.14604558234545764,-8752.959999999977,176275.5999999987,20,0
3,7.0,1.0,0.15,persist_3,600,0.39666666666666667,0.3333333333333333,749.9066666666632,-6052.959999999998,449943.99999999744,1.205618045223617,0.115926516807315,-8752.959999999977,196178.55999999863,21,0
3,7.0,1.0,0.15,touch,600,0.49833333333333335,0.4683333333333333,2719.4899999999952,-442.95999999986407,1631693.9999999988,1.8903122928217126,0.42518470686687837,-8752.959999999977,66121.04,10,0
3,7.0,1.0,0.25,next_minute,600,0.4,0.4166666666666667,124.489999999996,-5952.959999999999,74693.99999999761,1.0339642367418367,0.01821595645223864,-8952.959999999977,241083.4399999991,20,23
3,7.0,1.0,0.25,persist_2,600,0.4,0.34,576.8233333333309,-6302.960000000007,346093.9999999987,1.1534311633183163,0.08643541303760889,-8952.959999999977,228378.55999999848,21,0
3,7.0,1.0,0.25,persist_3,600,0.3933333333333333,0.325,459.48999999999745,-6352.959999999955,275693.9999999991,1.1209472022430071,0.06827156898118313,-8952.959999999977,226078.55999999848,21,0
3,7.0,1.0,0.25,touch,600,0.485,0.455,2257.2399999999957,-3452.959999999988,1354343.9999999977,1.6965197013785953,0.341819221290218,-8952.959999999977,74006.24000000014,10,0
3,7.0,2.0,0.0,next_minute,600,0.4633333333333333,0.55,782.8733333333315,-1452.9600000000341,469723.99999999884,1.2796553612212533,0.12965008590166294,-8452.959999999977,97075.59999999825,11,21
3,7.0,2.0,0.0,persist_2,600,0.44666666666666666,0.4033333333333333,1386.0399999999981,-4652.959999999902,831623.9999999995,1.4413946326093405,0.22748858308356865,-8452.959999999977,144775.5999999988,20,0
3,7.0,2.0,0.0,persist_3,600,0.43333333333333335,0.38166666666666665,1136.2899999999981,-5152.959999999966,681773.9999999993,1.3521821143345176,0.18626754725801933,-8452.959999999977,156925.59999999846,20,0
3,7.0,2.0,0.0,touch,600,0.6016666666666667,0.585,4221.956666666661,9947.04000000005,2533174.000000003,2.851589959923037,0.6956869253365991,-8452.959999999977,53229.599999999715,10,0
3,7.0,2.0,0.05,next_minute,600,0.45166666666666666,0.54,590.3233333333328,-2002.96,354193.9999999994,1.2029818737210873,0.09641556115565325,-8552.959999999975,153775.599999998,11,22
3,7.0,2.0,0.05,persist_2,600,0.44333333333333336,0.4,1249.7399999999993,-4852.959999999953,749843.9999999998,1.3879134864421214,0.20200475291866896,-8552.959999999975,157275.59999999875,20,0
3,7.0,2.0,0.05,persist_3,600,0.425,0.37666666666666665,955.2399999999986,-5402.960000000077,573143.9999999988,1.2874413375813853,0.15396095410922384,-8552.959999999975,173825.5999999984,20,0
3,7.0,2.0,0.05,touch,600,0.5933333333333334,0.5766666666666667,3979.406666666662,9847.04000000011,2387644.000000003,2.682503157771079,0.6449714488356524,-8552.959999999975,54629.59999999983,10,0
3,7.0,2.0,0.1,next_minute,600,0.45,0.5333333333333333,462.0733333333326,-2252.960000000067,277243.9999999997,1.1536993873179795,0.07443940583708561,-8652.959999999975,167975.5999999979,11,22
3,7.0,2.0,0.1,persist_2,600,0.44333333333333336,0.4,1125.6566666666656,-5052.95999999995,675393.9999999993,1.3421936573492599,0.17908471589642794,-8652.959999999975,171983.43999999907,20,0
3,7.0,2.0,0.1,persist_3,600,0.42333333333333334,0.37333333333333335,817.823333333332,-5602.960000000079,490693.999999999,1.2402648976634345,0.12952315571680162,-8652.959999999975,186125.59999999823,20,0
3,7.0,2.0,0.1,touch,600,0.5883333333333334,0.57,3751.0733333333296,9747.04000000007,2250644.0000000023,2.5331768459916773,0.5984835308632731,-8652.959999999975,56029.59999999983,10,0
3,7.0,2.0,0.15,next_minute,600,0.445,0.5233333333333333,305.65666666666334,-2702.959999999956,183393.99999999782,1.0981154329775644,0.04909514621489242,-8752.959999999977,206183.4399999992,11,22
3,7.0,2.0,0.15,persist_2,600,0.44166666666666665,0.3983333333333333,984.4899999999969,-5302.96000000005,590693.9999999978,1.2923979329280773,0.15417493601417662,-8752.959999999977,194733.4399999995,20,0
3,7.0,2.0,0.15,persist_3,600,0.42,0.36833333333333335,613.0733333333301,-5852.960000000039,367843.99999999814,1.1750129583544517,0.09493409982462246,-8752.959999999977,208383.43999999925,20,0
3,7.0,2.0,0.15,touch,600,0.5783333333333334,0.56,3464.8233333333255,9647.04000000008,2078893.9999999977,2.3565563787737216,0.5446657895387165,-8752.959999999977,57429.59999999986,10,0
3,7.0,2.0,0.25,next_minute,600,0.43666666666666665,0.515,29.739999999996872,-3452.959999999988,17843.999999998356,1.009025201007474,0.006080891999538728,-8952.959999999977,252933.43999999872,11,22
3,7.0,2.0,0.25,persist_2,600,0.43166666666666664,0.3883333333333333,602.5733333333309,-5902.960000000079,361543.99999999825,1.1699792235914177,0.09122417039288484,-8952.959999999977,251733.43999999922,20,0
3,7.0,2.0,0.25,persist_3,600,0.41833333333333333,0.36666666666666664,353.73999999999756,-6152.960000000079,212243.99999999863,1.0972185751184238,0.052772974927932634,-8952.959999999977,265233.439999999,20,0
3,7.0,2.0,0.25,touch,600,0.57,0.5516666666666666,3094.5733333333264,9447.039999999979,1856743.999999998,2.148446734611642,0.471831069386017,-8952.959999999977,60129.599999999875,10,0
3,7.0,3.0,0.0,next_minute,600,0.515,0.65,724.6233333333316,447.0399999999432,434773.9999999985,1.3037592044263546,0.11930170702799539,-6752.959999999989,88325.59999999878,11,27
3,7.0,3.0,0.0,persist_2,600,0.5133333333333333,0.485,1630.2066666666642,2747.0399999999545,978123.9999999991,1.589705818233316,0.26871104221645514,-6752.959999999989,93624.00000000003,11,0
3,7.0,3.0,0.0,persist_3,600,0.4866666666666667,0.4533333333333333,1228.2066666666644,-2252.959999999932,736923.9999999992,1.4208921860692079,0.20192174338312172,-6752.959999999989,112825.59999999868,11,0
3,7.0,3.0,0.0,touch,600,0.7,0.695,4805.12333333333,8247.039999999955,2883074.000000005,3.792099577874054,0.7924073476759695,-6752.959999999989,38370.72,7,0
3,7.0,3.0,0.05,next_minute,600,0.49666666666666665,0.64,520.9066666666652,-52.95999999984013,312543.9999999995,1.207116663863091,0.08430362258050884,-6852.959999999988,114825.59999999861,11,26
3,7.0,3.0,0.05,persist_2,600,0.5033333333333333,0.4766666666666667,1428.6566666666645,797.0400000000689,857193.9999999992,1.4965176100945767,0.23175902459025025,-6852.959999999988,100925.59999999896,11,0
3,7.0,3.0,0.05,persist_3,600,0.48,0.4483333333333333,1098.9899999999984,-2602.959999999967,659393.9999999988,1.365963321017381,0.17777777165737654,-6852.959999999988,130525.59999999868,11,0
3,7.0,3.0,0.05,touch,600,0.6883333333333334,0.6833333333333333,4547.073333333332,8147.039999999978,2728244.0000000056,3.4975147922407417,0.7378303296494102,-6852.959999999988,39470.72000000006,7,0
3,7.0,3.0,0.1,next_minute,600,0.49,0.6383333333333333,342.5733333333317,-352.9599999999758,205543.99999999927,1.1312846865480413,0.05439282649078888,-6952.959999999998,135925.5999999987,11,25
3,7.0,3.0,0.1,persist_2,600,0.5,0.4716666666666667,1234.9899999999977,-102.95999999987015,740993.9999999985,1.4175748005937425,0.19704423940769542,-6952.959999999998,119825.59999999884,11,0
3,7.0,3.0,0.1,persist_3,600,0.48,0.44666666666666666,971.3233333333318,-2802.9599999999646,582793.999999999,1.3167696950596153,0.1547098181591798,-6952.959999999998,143825.5999999985,11,0
3,7.0,3.0,0.1,touch,600,0.685,0.68,4401.406666666665,8047.039999999959,2640844.0000000047,3.3418185063433863,0.7028220786896439,-6952.959999999998,40570.72,7,0
3,7.0,3.0,0.15,next_minute,600,0.4766666666666667,0.6366666666666667,156.90666666666198,-652.9600000000014,94143.99999999713,1.0578827837231548,0.024302180683848786,-7152.960000000002,150625.59999999905,11,25
3,7.0,3.0,0.15,persist_2,600,0.495,0.4683333333333333,1080.9899999999946,-552.9599999998784,648593.9999999965,1.355866469676717,0.16963412518945423,-7152.960000000002,133825.59999999928,11,0
3,7.0,3.0,0.15,persist_3,600,0.47833333333333333,0.44,817.3233333333303,-3152.9599999999446,490393.9999999975,1.2603553464985588,0.12810155415887028,-7152.960000000002,159425.59999999884,11,0
3,7.0,3.0,0.15,touch,600,0.6816666666666666,0.6783333333333333,4242.239999999995,7847.040000000124,2545344.0000000033,3.2018635092099417,0.6665036376191116,-7152.960000000002,41670.72000000006,7,0
3,7.0,3.0,0.25,next_minute,600,0.45666666666666667,0.6216666666666667,-216.0933333333377,-1102.9600000000682,-129656.00000000233,0.926109094198346,-0.03312187492814826,-7552.96,184025.59999999884,11,25
3,7.0,3.0,0.25,persist_2,600,0.49,0.4633333333333333,780.5733333333295,-1452.9599999998636,468343.99999999773,1.245703380539907,0.11890351853376234,-7552.96,162325.5999999992,11,0
3,7.0,3.0,0.25,persist_3,600,0.47,0.435,475.9899999999974,-4302.9600000000855,285593.9999999984,1.1445078808239142,0.0722438341251848,-7552.96,191283.43999999925,11,0
3,7.0,3.0,0.25,touch,600,0.6683333333333333,0.6633333333333333,3769.239999999996,7647.040000000045,2261544.0000000014,2.809207642149201,0.5739544091751657,-7552.96,43870.72,7,0
