predicate_or_feature,pass_frequency,fail_frequency,conditional_pnl_when_true,conditional_pnl_when_false,marginal_value,keep_hard_gate,make_score_contributor,redundant,harmful,evidence_quality,note
ATP_bias_gate,NA,NA,proxy_long_v5_base_expectancy_30.67,NA,Removing ATP-style gating improved simplified long_v5 train-bias and selection-bias behavior,False,True,False,Possibly,proxy_candidate_surface,Simplification study suggests ATP-style hard gating is over-narrow for this family.
contextual_fallback_branching,NA,NA,proxy_long_v6_expectancy_47.97,proxy_long_v5_expectancy_30.67,Contextual fallback improves expectancy but adds parameter-surface fragility,False,True,False,No,proxy_candidate_surface,Useful information contributor rather than a strict knock-out.
fallback_timing_bar8_reclaim,NA,NA,proxy_long_v5_expectancy_30.67,proxy_breakout_v4_expectancy_22.14,Bar-8 reclaim survives simplification better than fixed breakout,False,True,False,No,proxy_candidate_surface,Supports B+ scoring rather than hard rejection if exact reclaim timing is missed.
reclaim_fail_short_shape,NA,NA,proxy_short_v2_expectancy_22.62,proxy_short_v4_expectancy_14.80,Nuanced reclaim-fail short retains better payoff than simpler breakdown fallback,False,True,False,No,proxy_candidate_surface,Good candidate for positive score weight rather than a single all-or-nothing gate.
vol_floor_1p25,NA,NA,NA,NA,Current strict ES-only vol-floor branch has insufficient evidence,False,True,False,Possibly,insufficient_evidence,Do not keep as a hard gate until lineage and trade evidence are available.
setup_close_location,Unavailable_in_archive,Unavailable_in_archive,NA,NA,Directional but not preserved as boolean gate truth,False,True,False,Unknown,trade_metadata_only,Present in serialized trades and suitable for future score contribution research.
setup_vwap_displacement,Unavailable_in_archive,Unavailable_in_archive,NA,NA,Directional but not preserved as boolean gate truth,False,True,False,Unknown,trade_metadata_only,Present in serialized trades and suitable for future score contribution research.
setup_return_points,Unavailable_in_archive,Unavailable_in_archive,NA,NA,Directional but not preserved as boolean gate truth,False,True,False,Unknown,trade_metadata_only,Present in serialized trades and suitable for future score contribution research.
setup_range_points,Unavailable_in_archive,Unavailable_in_archive,NA,NA,Directional but not preserved as boolean gate truth,False,True,False,Unknown,trade_metadata_only,Present in serialized trades and suitable for future score contribution research.
