lane_id,source_instrument,routing_mode,governance_status,live_money_readiness_class,broker_path_pnl,internal_only_pnl,total_net_pnl,average_trade,win_rate,max_drawdown,reconciliation_error_count,order_rejection_count,notes
es_1x_asia_london_participation__asia_london_long_v6_vol_floor_125,ES,IBKR_ROUTED,PROBATION_ACTIVE,WATCHLIST,0.00,0.00,0.00,,,0.00,0,0,
es_1x_ny_early_core__us_early_long,ES,IBKR_ROUTED,DEGRADED,NOT_READY,0.00,-462.50,-462.50,-92.50,0.00,462.50,0,0,
es_1x_ny_early_core__us_early_short_breakdown,ES,IBKR_ROUTED,PROMISING,WATCHLIST,0.00,375.00,375.00,93.75,75.00,87.50,0,0,
es_1x_ny_early_core__us_early_short_reclaim_fail,ES,IBKR_ROUTED,PROMISING,WATCHLIST,0.00,287.50,287.50,71.88,50.00,100.00,0,0,
es_1x_ny_early_core__us_late_long,ES,IBKR_ROUTED,DEGRADED,NOT_READY,0.00,-62.50,-62.50,-12.50,40.00,237.50,0,0,
es_1x_ny_early_core__us_late_short_reclaim_fail,ES,IBKR_ROUTED,DEGRADED,NOT_READY,0.00,-787.50,-787.50,-131.25,50.00,887.50,0,0,
es_1x_ny_early_core__us_midday_long,ES,IBKR_ROUTED,DEGRADED,NOT_READY,0.00,-12.50,-12.50,-2.50,40.00,125.00,0,0,
es_1x_ny_early_core__us_midday_short_breakdown,ES,IBKR_ROUTED,DEGRADED,NOT_READY,0.00,-275.00,-275.00,-55.00,20.00,312.50,0,0,
gc_1x_all_lanes__asia_early_long,GC,IBKR_ROUTED,PROMISING,PAPER_PROBATION,0.00,920.00,920.00,153.33,33.33,350.00,0,0,top_paper_probation_candidate
gc_1x_all_lanes__asia_early_short,GC,IBKR_ROUTED,DEGRADED,NOT_READY,0.00,-240.00,-240.00,-30.00,25.00,460.00,0,0,
gc_1x_all_lanes__london_early_long,GC,IBKR_ROUTED,KILL_CANDIDATE,DIAGNOSTIC_ONLY,0.00,-1760.00,-1760.00,-176.00,10.00,1760.00,0,0,
gc_1x_all_lanes__us_early_short,GC,IBKR_ROUTED,PROMISING,PAPER_PROBATION,0.00,510.00,510.00,127.50,50.00,210.00,0,0,top_paper_probation_candidate
gc_1x_all_lanes__us_midday_short,GC,IBKR_ROUTED,PROMISING,PAPER_PROBATION,0.00,260.00,260.00,52.00,40.00,730.00,0,0,top_paper_probation_candidate
gc_1x_asia_london_participation__asia_london_long_v5,GC,IBKR_ROUTED,DEGRADED,NOT_READY,0.00,-40.00,-40.00,-40.00,0.00,40.00,0,0,
gc_1x_asia_london_participation__asia_london_short_v2,GC,IBKR_ROUTED,PROBATION_ACTIVE,WATCHLIST,0.00,0.00,0.00,,,0.00,0,0,
mes_1x_ny_early_core__us_early_long,MES,IBKR_ROUTED,DEGRADED,NOT_READY,0.00,-31.25,-31.25,-6.25,20.00,32.50,0,0,
mes_1x_ny_early_core__us_early_short_breakdown,MES,IBKR_ROUTED,PROMISING,WATCHLIST,0.00,25.00,25.00,6.25,75.00,21.25,0,0,
mes_1x_ny_early_core__us_early_short_reclaim_fail,MES,IBKR_ROUTED,PROMISING,WATCHLIST,0.00,25.00,25.00,6.25,75.00,21.25,0,0,
mes_1x_ny_early_core__us_late_long,MES,IBKR_ROUTED,PROMISING,WATCHLIST,0.00,235.00,235.00,33.57,57.14,21.25,0,0,
mes_1x_ny_early_core__us_late_short_reclaim_fail,MES,IBKR_ROUTED,DEGRADED,NOT_READY,0.00,-111.25,-111.25,-13.91,50.00,123.75,0,0,
mes_1x_ny_early_core__us_midday_long,MES,IBKR_ROUTED,PROBATION_ACTIVE,WATCHLIST,0.00,0.00,0.00,0.00,40.00,12.50,0,0,
mes_1x_ny_early_core__us_midday_short_breakdown,MES,IBKR_ROUTED,DEGRADED,NOT_READY,0.00,-32.50,-32.50,-6.50,20.00,38.75,0,0,
atp_companion_v1_asia_us,MGC,IBKR_ROUTED,DEGRADED,NOT_READY,-444.00,0.00,-444.00,-16.44,44.44,642.00,0,0,
mgc_1x_asia_london_participation__asia_london_long_v5,MGC,IBKR_ROUTED,PROBATION_ACTIVE,WATCHLIST,0.00,0.00,0.00,,,0.00,0,0,
mgc_1x_asia_london_participation__asia_london_short_v2,MGC,IBKR_ROUTED,PROBATION_ACTIVE,WATCHLIST,0.00,0.00,0.00,,,0.00,0,0,
mnq_1x_asia_london_participation__asia_london_long_v5,MNQ,IBKR_ROUTED,PROBATION_ACTIVE,WATCHLIST,0.00,0.00,0.00,,,0.00,0,0,
mnq_1x_asia_london_participation__asia_london_long_v6,MNQ,IBKR_ROUTED,PROBATION_ACTIVE,WATCHLIST,0.00,0.00,0.00,,,0.00,0,0,
mnq_1x_asia_london_participation__asia_london_short_v2,MNQ,IBKR_ROUTED,PROBATION_ACTIVE,WATCHLIST,0.00,0.00,0.00,,,0.00,0,0,
mnq_1x_ny_early_core__us_early_long,MNQ,IBKR_ROUTED,DEGRADED,NOT_READY,0.00,-56.50,-56.50,-11.30,0.00,56.50,0,0,
mnq_1x_ny_early_core__us_early_short_breakdown,MNQ,IBKR_ROUTED,PROMISING,WATCHLIST,0.00,90.00,90.00,22.50,75.00,25.50,0,0,
mnq_1x_ny_early_core__us_early_short_reclaim_fail,MNQ,IBKR_ROUTED,PROMISING,WATCHLIST,0.00,90.00,90.00,22.50,75.00,25.50,0,0,
mnq_1x_ny_early_core__us_late_long,MNQ,IBKR_ROUTED,DEGRADED,NOT_READY,0.00,-98.00,-98.00,-16.33,33.33,132.00,0,0,
mnq_1x_ny_early_core__us_late_short_reclaim_fail,MNQ,IBKR_ROUTED,PROMISING,WATCHLIST,0.00,124.50,124.50,20.75,83.33,24.00,0,0,
mnq_1x_ny_early_core__us_midday_long,MNQ,IBKR_ROUTED,PROMISING,WATCHLIST,0.00,129.00,129.00,25.80,60.00,32.50,0,0,
mnq_1x_ny_early_core__us_midday_short_breakdown,MNQ,IBKR_ROUTED,DEGRADED,NOT_READY,0.00,-119.00,-119.00,-23.80,0.00,119.00,0,0,
nq_1x_asia_london_participation__asia_london_long_v5,NQ,IBKR_ROUTED,PROBATION_ACTIVE,WATCHLIST,0.00,0.00,0.00,,,0.00,0,0,
nq_1x_asia_london_participation__asia_london_long_v6,NQ,IBKR_ROUTED,PROBATION_ACTIVE,WATCHLIST,0.00,0.00,0.00,,,0.00,0,0,
nq_1x_asia_london_participation__asia_london_short_v2,NQ,IBKR_ROUTED,PROMISING,WATCHLIST,0.00,5295.00,5295.00,5295.00,100.00,0.00,0,0,
nq_1x_ny_early_core__us_early_long,NQ,IBKR_ROUTED,DEGRADED,NOT_READY,0.00,-680.00,-680.00,-136.00,0.00,680.00,0,0,
nq_1x_ny_early_core__us_early_short_breakdown,NQ,IBKR_ROUTED,PROMISING,WATCHLIST,0.00,990.00,990.00,247.50,75.00,190.00,0,0,
nq_1x_ny_early_core__us_early_short_reclaim_fail,NQ,IBKR_ROUTED,PROMISING,WATCHLIST,0.00,690.00,690.00,172.50,75.00,490.00,0,0,
nq_1x_ny_early_core__us_late_long,NQ,IBKR_ROUTED,PROMISING,WATCHLIST,0.00,1130.00,1130.00,188.33,50.00,520.00,0,0,
nq_1x_ny_early_core__us_late_short_reclaim_fail,NQ,IBKR_ROUTED,KILL_CANDIDATE,DIAGNOSTIC_ONLY,0.00,-1050.00,-1050.00,-150.00,71.43,2040.00,0,0,
nq_1x_ny_early_core__us_midday_long,NQ,IBKR_ROUTED,PROMISING,WATCHLIST,0.00,1515.00,1515.00,303.00,60.00,195.00,0,0,
nq_1x_ny_early_core__us_midday_short_breakdown,NQ,IBKR_ROUTED,KILL_CANDIDATE,DIAGNOSTIC_ONLY,0.00,-1200.00,-1200.00,-240.00,20.00,1200.00,0,0,
